benchmark_family,sample_label,profile_id,reference_method_id,candidate_score,reference_score,relative_quality,reference_gap_score,gap_status,gap_reason
swta,MultiSWTA1_Type0_NT100_NS10_NC9_NV10_NW9_O2,W_balanced,unavailable,0.722085,unavailable,unavailable,unavailable,unavailable,No matching reference/context WTA-domain report was found.
swta,MultiSWTA1_Type0_NT100_NS10_NC9_NV10_NW9_O2,W_effectiveness,unavailable,0.51917,unavailable,unavailable,unavailable,unavailable,No matching reference/context WTA-domain report was found.
swta,MultiSWTA1_Type0_NT100_NS10_NC9_NV10_NW9_O2,W_high_value_protection,unavailable,0.647085,unavailable,unavailable,unavailable,unavailable,No matching reference/context WTA-domain report was found.
swta,MultiSWTA1_Type0_NT100_NS10_NC9_NV10_NW9_O2,W_resource_conservative,unavailable,0.812668,unavailable,unavailable,unavailable,unavailable,No matching reference/context WTA-domain report was found.
swta,MultiSWTA1_Type0_NT100_NS10_NC9_NV10_NW9_O2,W_timeliness,unavailable,0.812668,unavailable,unavailable,unavailable,unavailable,No matching reference/context WTA-domain report was found.
swta,MultiSWTA1_Type0_NT100_NS10_NC9_NV10_NW9_O3,W_balanced,unavailable,0.722085,unavailable,unavailable,unavailable,unavailable,No matching reference/context WTA-domain report was found.
swta,MultiSWTA1_Type0_NT100_NS10_NC9_NV10_NW9_O3,W_effectiveness,unavailable,0.51917,unavailable,unavailable,unavailable,unavailable,No matching reference/context WTA-domain report was found.
swta,MultiSWTA1_Type0_NT100_NS10_NC9_NV10_NW9_O3,W_high_value_protection,unavailable,0.647085,unavailable,unavailable,unavailable,unavailable,No matching reference/context WTA-domain report was found.
swta,MultiSWTA1_Type0_NT100_NS10_NC9_NV10_NW9_O3,W_resource_conservative,unavailable,0.812668,unavailable,unavailable,unavailable,unavailable,No matching reference/context WTA-domain report was found.
swta,MultiSWTA1_Type0_NT100_NS10_NC9_NV10_NW9_O3,W_timeliness,unavailable,0.812668,unavailable,unavailable,unavailable,unavailable,No matching reference/context WTA-domain report was found.
swta,MultiSWTA1_Type0_NT100_NS10_NC9_NV10_NW9_O4,W_balanced,unavailable,0.722085,unavailable,unavailable,unavailable,unavailable,No matching reference/context WTA-domain report was found.
swta,MultiSWTA1_Type0_NT100_NS10_NC9_NV10_NW9_O4,W_effectiveness,unavailable,0.51917,unavailable,unavailable,unavailable,unavailable,No matching reference/context WTA-domain report was found.
swta,MultiSWTA1_Type0_NT100_NS10_NC9_NV10_NW9_O4,W_high_value_protection,unavailable,0.647085,unavailable,unavailable,unavailable,unavailable,No matching reference/context WTA-domain report was found.
swta,MultiSWTA1_Type0_NT100_NS10_NC9_NV10_NW9_O4,W_resource_conservative,unavailable,0.812668,unavailable,unavailable,unavailable,unavailable,No matching reference/context WTA-domain report was found.
swta,MultiSWTA1_Type0_NT100_NS10_NC9_NV10_NW9_O4,W_timeliness,unavailable,0.812668,unavailable,unavailable,unavailable,unavailable,No matching reference/context WTA-domain report was found.
swta,MultiSWTA1_Type0_NT100_NS6_NC6_NV6_NW6_O2,W_balanced,unavailable,0.673396,unavailable,unavailable,unavailable,unavailable,No matching reference/context WTA-domain report was found.
swta,MultiSWTA1_Type0_NT100_NS6_NC6_NV6_NW6_O2,W_effectiveness,unavailable,0.451792,unavailable,unavailable,unavailable,unavailable,No matching reference/context WTA-domain report was found.
swta,MultiSWTA1_Type0_NT100_NS6_NC6_NV6_NW6_O2,W_high_value_protection,unavailable,0.568396,unavailable,unavailable,unavailable,unavailable,No matching reference/context WTA-domain report was found.
swta,MultiSWTA1_Type0_NT100_NS6_NC6_NV6_NW6_O2,W_resource_conservative,unavailable,0.787717,unavailable,unavailable,unavailable,unavailable,No matching reference/context WTA-domain report was found.
swta,MultiSWTA1_Type0_NT100_NS6_NC6_NV6_NW6_O2,W_timeliness,unavailable,0.787717,unavailable,unavailable,unavailable,unavailable,No matching reference/context WTA-domain report was found.
swta,MultiSWTA1_Type0_NT100_NS6_NC6_NV6_NW6_O3,W_balanced,unavailable,0.673396,unavailable,unavailable,unavailable,unavailable,No matching reference/context WTA-domain report was found.
swta,MultiSWTA1_Type0_NT100_NS6_NC6_NV6_NW6_O3,W_effectiveness,unavailable,0.451792,unavailable,unavailable,unavailable,unavailable,No matching reference/context WTA-domain report was found.
swta,MultiSWTA1_Type0_NT100_NS6_NC6_NV6_NW6_O3,W_high_value_protection,unavailable,0.568396,unavailable,unavailable,unavailable,unavailable,No matching reference/context WTA-domain report was found.
swta,MultiSWTA1_Type0_NT100_NS6_NC6_NV6_NW6_O3,W_resource_conservative,unavailable,0.787717,unavailable,unavailable,unavailable,unavailable,No matching reference/context WTA-domain report was found.
swta,MultiSWTA1_Type0_NT100_NS6_NC6_NV6_NW6_O3,W_timeliness,unavailable,0.787717,unavailable,unavailable,unavailable,unavailable,No matching reference/context WTA-domain report was found.
swta,MultiSWTA1_Type0_NT100_NS6_NC6_NV6_NW6_O4,W_balanced,unavailable,0.673396,unavailable,unavailable,unavailable,unavailable,No matching reference/context WTA-domain report was found.
swta,MultiSWTA1_Type0_NT100_NS6_NC6_NV6_NW6_O4,W_effectiveness,unavailable,0.451792,unavailable,unavailable,unavailable,unavailable,No matching reference/context WTA-domain report was found.
swta,MultiSWTA1_Type0_NT100_NS6_NC6_NV6_NW6_O4,W_high_value_protection,unavailable,0.568396,unavailable,unavailable,unavailable,unavailable,No matching reference/context WTA-domain report was found.
swta,MultiSWTA1_Type0_NT100_NS6_NC6_NV6_NW6_O4,W_resource_conservative,unavailable,0.787717,unavailable,unavailable,unavailable,unavailable,No matching reference/context WTA-domain report was found.
swta,MultiSWTA1_Type0_NT100_NS6_NC6_NV6_NW6_O4,W_timeliness,unavailable,0.787717,unavailable,unavailable,unavailable,unavailable,No matching reference/context WTA-domain report was found.
swta,MultiSWTA1_Type0_NT200_NS12_NC6_NV12_NW6_O2,W_balanced,unavailable,0.674071,unavailable,unavailable,unavailable,unavailable,No matching reference/context WTA-domain report was found.
swta,MultiSWTA1_Type0_NT200_NS12_NC6_NV12_NW6_O2,W_effectiveness,unavailable,0.453141,unavailable,unavailable,unavailable,unavailable,No matching reference/context WTA-domain report was found.
swta,MultiSWTA1_Type0_NT200_NS12_NC6_NV12_NW6_O2,W_high_value_protection,unavailable,0.569071,unavailable,unavailable,unavailable,unavailable,No matching reference/context WTA-domain report was found.
swta,MultiSWTA1_Type0_NT200_NS12_NC6_NV12_NW6_O2,W_resource_conservative,unavailable,0.788256,unavailable,unavailable,unavailable,unavailable,No matching reference/context WTA-domain report was found.
swta,MultiSWTA1_Type0_NT200_NS12_NC6_NV12_NW6_O2,W_timeliness,unavailable,0.788256,unavailable,unavailable,unavailable,unavailable,No matching reference/context WTA-domain report was found.
swta,MultiSWTA1_Type0_NT200_NS12_NC6_NV12_NW6_O3,W_balanced,unavailable,0.674071,unavailable,unavailable,unavailable,unavailable,No matching reference/context WTA-domain report was found.
swta,MultiSWTA1_Type0_NT200_NS12_NC6_NV12_NW6_O3,W_effectiveness,unavailable,0.453141,unavailable,unavailable,unavailable,unavailable,No matching reference/context WTA-domain report was found.
swta,MultiSWTA1_Type0_NT200_NS12_NC6_NV12_NW6_O3,W_high_value_protection,unavailable,0.569071,unavailable,unavailable,unavailable,unavailable,No matching reference/context WTA-domain report was found.
swta,MultiSWTA1_Type0_NT200_NS12_NC6_NV12_NW6_O3,W_resource_conservative,unavailable,0.788256,unavailable,unavailable,unavailable,unavailable,No matching reference/context WTA-domain report was found.
swta,MultiSWTA1_Type0_NT200_NS12_NC6_NV12_NW6_O3,W_timeliness,unavailable,0.788256,unavailable,unavailable,unavailable,unavailable,No matching reference/context WTA-domain report was found.
swta,MultiSWTA1_Type0_NT200_NS12_NC6_NV12_NW6_O4,W_balanced,unavailable,0.674071,unavailable,unavailable,unavailable,unavailable,No matching reference/context WTA-domain report was found.
swta,MultiSWTA1_Type0_NT200_NS12_NC6_NV12_NW6_O4,W_effectiveness,unavailable,0.453141,unavailable,unavailable,unavailable,unavailable,No matching reference/context WTA-domain report was found.
swta,MultiSWTA1_Type0_NT200_NS12_NC6_NV12_NW6_O4,W_high_value_protection,unavailable,0.569071,unavailable,unavailable,unavailable,unavailable,No matching reference/context WTA-domain report was found.
swta,MultiSWTA1_Type0_NT200_NS12_NC6_NV12_NW6_O4,W_resource_conservative,unavailable,0.788256,unavailable,unavailable,unavailable,unavailable,No matching reference/context WTA-domain report was found.
swta,MultiSWTA1_Type0_NT200_NS12_NC6_NV12_NW6_O4,W_timeliness,unavailable,0.788256,unavailable,unavailable,unavailable,unavailable,No matching reference/context WTA-domain report was found.
swta,MultiSWTA1_Type0_NT200_NS15_NC12_NV15_NW12_O2,W_balanced,unavailable,0.692452,unavailable,unavailable,unavailable,unavailable,No matching reference/context WTA-domain report was found.
swta,MultiSWTA1_Type0_NT200_NS15_NC12_NV15_NW12_O2,W_effectiveness,unavailable,0.478653,unavailable,unavailable,unavailable,unavailable,No matching reference/context WTA-domain report was found.
swta,MultiSWTA1_Type0_NT200_NS15_NC12_NV15_NW12_O2,W_high_value_protection,unavailable,0.598702,unavailable,unavailable,unavailable,unavailable,No matching reference/context WTA-domain report was found.
swta,MultiSWTA1_Type0_NT200_NS15_NC12_NV15_NW12_O2,W_resource_conservative,unavailable,0.797711,unavailable,unavailable,unavailable,unavailable,No matching reference/context WTA-domain report was found.
swta,MultiSWTA1_Type0_NT200_NS15_NC12_NV15_NW12_O2,W_timeliness,unavailable,0.797711,unavailable,unavailable,unavailable,unavailable,No matching reference/context WTA-domain report was found.
swta,MultiSWTA1_Type0_NT200_NS15_NC12_NV15_NW12_O3,W_balanced,unavailable,0.692452,unavailable,unavailable,unavailable,unavailable,No matching reference/context WTA-domain report was found.
swta,MultiSWTA1_Type0_NT200_NS15_NC12_NV15_NW12_O3,W_effectiveness,unavailable,0.478653,unavailable,unavailable,unavailable,unavailable,No matching reference/context WTA-domain report was found.
swta,MultiSWTA1_Type0_NT200_NS15_NC12_NV15_NW12_O3,W_high_value_protection,unavailable,0.598702,unavailable,unavailable,unavailable,unavailable,No matching reference/context WTA-domain report was found.
swta,MultiSWTA1_Type0_NT200_NS15_NC12_NV15_NW12_O3,W_resource_conservative,unavailable,0.797711,unavailable,unavailable,unavailable,unavailable,No matching reference/context WTA-domain report was found.
swta,MultiSWTA1_Type0_NT200_NS15_NC12_NV15_NW12_O3,W_timeliness,unavailable,0.797711,unavailable,unavailable,unavailable,unavailable,No matching reference/context WTA-domain report was found.
swta,MultiSWTA1_Type0_NT200_NS15_NC12_NV15_NW12_O4,W_balanced,unavailable,0.692452,unavailable,unavailable,unavailable,unavailable,No matching reference/context WTA-domain report was found.
swta,MultiSWTA1_Type0_NT200_NS15_NC12_NV15_NW12_O4,W_effectiveness,unavailable,0.478653,unavailable,unavailable,unavailable,unavailable,No matching reference/context WTA-domain report was found.
swta,MultiSWTA1_Type0_NT200_NS15_NC12_NV15_NW12_O4,W_high_value_protection,unavailable,0.598702,unavailable,unavailable,unavailable,unavailable,No matching reference/context WTA-domain report was found.
swta,MultiSWTA1_Type0_NT200_NS15_NC12_NV15_NW12_O4,W_resource_conservative,unavailable,0.797711,unavailable,unavailable,unavailable,unavailable,No matching reference/context WTA-domain report was found.
swta,MultiSWTA1_Type0_NT200_NS15_NC12_NV15_NW12_O4,W_timeliness,unavailable,0.797711,unavailable,unavailable,unavailable,unavailable,No matching reference/context WTA-domain report was found.
swta,MultiSWTA1_Type0_NT50_NS5_NC2_NV5_NW2_O2,W_balanced,unavailable,0.718938,unavailable,unavailable,unavailable,unavailable,No matching reference/context WTA-domain report was found.
swta,MultiSWTA1_Type0_NT50_NS5_NC2_NV5_NW2_O2,W_effectiveness,unavailable,0.512876,unavailable,unavailable,unavailable,unavailable,No matching reference/context WTA-domain report was found.
swta,MultiSWTA1_Type0_NT50_NS5_NC2_NV5_NW2_O2,W_high_value_protection,unavailable,0.643938,unavailable,unavailable,unavailable,unavailable,No matching reference/context WTA-domain report was found.
swta,MultiSWTA1_Type0_NT50_NS5_NC2_NV5_NW2_O2,W_resource_conservative,unavailable,0.81015,unavailable,unavailable,unavailable,unavailable,No matching reference/context WTA-domain report was found.
swta,MultiSWTA1_Type0_NT50_NS5_NC2_NV5_NW2_O2,W_timeliness,unavailable,0.81015,unavailable,unavailable,unavailable,unavailable,No matching reference/context WTA-domain report was found.
swta,MultiSWTA1_Type0_NT50_NS5_NC2_NV5_NW2_O3,W_balanced,unavailable,0.718938,unavailable,unavailable,unavailable,unavailable,No matching reference/context WTA-domain report was found.
swta,MultiSWTA1_Type0_NT50_NS5_NC2_NV5_NW2_O3,W_effectiveness,unavailable,0.512876,unavailable,unavailable,unavailable,unavailable,No matching reference/context WTA-domain report was found.
swta,MultiSWTA1_Type0_NT50_NS5_NC2_NV5_NW2_O3,W_high_value_protection,unavailable,0.643938,unavailable,unavailable,unavailable,unavailable,No matching reference/context WTA-domain report was found.
swta,MultiSWTA1_Type0_NT50_NS5_NC2_NV5_NW2_O3,W_resource_conservative,unavailable,0.81015,unavailable,unavailable,unavailable,unavailable,No matching reference/context WTA-domain report was found.
swta,MultiSWTA1_Type0_NT50_NS5_NC2_NV5_NW2_O3,W_timeliness,unavailable,0.81015,unavailable,unavailable,unavailable,unavailable,No matching reference/context WTA-domain report was found.
swta,MultiSWTA1_Type0_NT50_NS5_NC2_NV5_NW2_O4,W_balanced,unavailable,0.718938,unavailable,unavailable,unavailable,unavailable,No matching reference/context WTA-domain report was found.
swta,MultiSWTA1_Type0_NT50_NS5_NC2_NV5_NW2_O4,W_effectiveness,unavailable,0.512876,unavailable,unavailable,unavailable,unavailable,No matching reference/context WTA-domain report was found.
swta,MultiSWTA1_Type0_NT50_NS5_NC2_NV5_NW2_O4,W_high_value_protection,unavailable,0.643938,unavailable,unavailable,unavailable,unavailable,No matching reference/context WTA-domain report was found.
swta,MultiSWTA1_Type0_NT50_NS5_NC2_NV5_NW2_O4,W_resource_conservative,unavailable,0.81015,unavailable,unavailable,unavailable,unavailable,No matching reference/context WTA-domain report was found.
swta,MultiSWTA1_Type0_NT50_NS5_NC2_NV5_NW2_O4,W_timeliness,unavailable,0.81015,unavailable,unavailable,unavailable,unavailable,No matching reference/context WTA-domain report was found.
swta,MultiSWTA1_Type0_NT50_NS8_NC6_NV8_NW6_O2,W_balanced,unavailable,0.787061,unavailable,unavailable,unavailable,unavailable,No matching reference/context WTA-domain report was found.
swta,MultiSWTA1_Type0_NT50_NS8_NC6_NV8_NW6_O2,W_effectiveness,unavailable,0.604123,unavailable,unavailable,unavailable,unavailable,No matching reference/context WTA-domain report was found.
swta,MultiSWTA1_Type0_NT50_NS8_NC6_NV8_NW6_O2,W_high_value_protection,unavailable,0.757062,unavailable,unavailable,unavailable,unavailable,No matching reference/context WTA-domain report was found.
swta,MultiSWTA1_Type0_NT50_NS8_NC6_NV8_NW6_O2,W_resource_conservative,unavailable,0.843649,unavailable,unavailable,unavailable,unavailable,No matching reference/context WTA-domain report was found.
swta,MultiSWTA1_Type0_NT50_NS8_NC6_NV8_NW6_O2,W_timeliness,unavailable,0.843649,unavailable,unavailable,unavailable,unavailable,No matching reference/context WTA-domain report was found.
swta,MultiSWTA1_Type0_NT50_NS8_NC6_NV8_NW6_O3,W_balanced,unavailable,0.787061,unavailable,unavailable,unavailable,unavailable,No matching reference/context WTA-domain report was found.
swta,MultiSWTA1_Type0_NT50_NS8_NC6_NV8_NW6_O3,W_effectiveness,unavailable,0.604123,unavailable,unavailable,unavailable,unavailable,No matching reference/context WTA-domain report was found.
swta,MultiSWTA1_Type0_NT50_NS8_NC6_NV8_NW6_O3,W_high_value_protection,unavailable,0.757062,unavailable,unavailable,unavailable,unavailable,No matching reference/context WTA-domain report was found.
swta,MultiSWTA1_Type0_NT50_NS8_NC6_NV8_NW6_O3,W_resource_conservative,unavailable,0.843649,unavailable,unavailable,unavailable,unavailable,No matching reference/context WTA-domain report was found.
swta,MultiSWTA1_Type0_NT50_NS8_NC6_NV8_NW6_O3,W_timeliness,unavailable,0.843649,unavailable,unavailable,unavailable,unavailable,No matching reference/context WTA-domain report was found.
swta,MultiSWTA1_Type0_NT50_NS8_NC6_NV8_NW6_O4,W_balanced,unavailable,unavailable,unavailable,unavailable,unavailable,not_applicable,Candidate has no solution-grounded WTA-domain preference score.
swta,MultiSWTA1_Type0_NT50_NS8_NC6_NV8_NW6_O4,W_effectiveness,unavailable,unavailable,unavailable,unavailable,unavailable,not_applicable,Candidate has no solution-grounded WTA-domain preference score.
swta,MultiSWTA1_Type0_NT50_NS8_NC6_NV8_NW6_O4,W_high_value_protection,unavailable,unavailable,unavailable,unavailable,unavailable,not_applicable,Candidate has no solution-grounded WTA-domain preference score.
swta,MultiSWTA1_Type0_NT50_NS8_NC6_NV8_NW6_O4,W_resource_conservative,unavailable,unavailable,unavailable,unavailable,unavailable,not_applicable,Candidate has no solution-grounded WTA-domain preference score.
swta,MultiSWTA1_Type0_NT50_NS8_NC6_NV8_NW6_O4,W_timeliness,unavailable,unavailable,unavailable,unavailable,unavailable,not_applicable,Candidate has no solution-grounded WTA-domain preference score.
swta,MultiSWTA2_Type0_NT100_NS10_NC9_NV10_NW9_O2,W_balanced,unavailable,0.72047,unavailable,unavailable,unavailable,unavailable,No matching reference/context WTA-domain report was found.
swta,MultiSWTA2_Type0_NT100_NS10_NC9_NV10_NW9_O2,W_effectiveness,unavailable,0.51594,unavailable,unavailable,unavailable,unavailable,No matching reference/context WTA-domain report was found.
swta,MultiSWTA2_Type0_NT100_NS10_NC9_NV10_NW9_O2,W_high_value_protection,unavailable,0.64547,unavailable,unavailable,unavailable,unavailable,No matching reference/context WTA-domain report was found.
swta,MultiSWTA2_Type0_NT100_NS10_NC9_NV10_NW9_O2,W_resource_conservative,unavailable,0.811376,unavailable,unavailable,unavailable,unavailable,No matching reference/context WTA-domain report was found.
swta,MultiSWTA2_Type0_NT100_NS10_NC9_NV10_NW9_O2,W_timeliness,unavailable,0.811376,unavailable,unavailable,unavailable,unavailable,No matching reference/context WTA-domain report was found.
swta,MultiSWTA2_Type0_NT100_NS10_NC9_NV10_NW9_O3,W_balanced,unavailable,0.72047,unavailable,unavailable,unavailable,unavailable,No matching reference/context WTA-domain report was found.
swta,MultiSWTA2_Type0_NT100_NS10_NC9_NV10_NW9_O3,W_effectiveness,unavailable,0.51594,unavailable,unavailable,unavailable,unavailable,No matching reference/context WTA-domain report was found.
swta,MultiSWTA2_Type0_NT100_NS10_NC9_NV10_NW9_O3,W_high_value_protection,unavailable,0.64547,unavailable,unavailable,unavailable,unavailable,No matching reference/context WTA-domain report was found.
swta,MultiSWTA2_Type0_NT100_NS10_NC9_NV10_NW9_O3,W_resource_conservative,unavailable,0.811376,unavailable,unavailable,unavailable,unavailable,No matching reference/context WTA-domain report was found.
swta,MultiSWTA2_Type0_NT100_NS10_NC9_NV10_NW9_O3,W_timeliness,unavailable,0.811376,unavailable,unavailable,unavailable,unavailable,No matching reference/context WTA-domain report was found.
swta,MultiSWTA2_Type0_NT100_NS10_NC9_NV10_NW9_O4,W_balanced,unavailable,0.72047,unavailable,unavailable,unavailable,unavailable,No matching reference/context WTA-domain report was found.
swta,MultiSWTA2_Type0_NT100_NS10_NC9_NV10_NW9_O4,W_effectiveness,unavailable,0.51594,unavailable,unavailable,unavailable,unavailable,No matching reference/context WTA-domain report was found.
swta,MultiSWTA2_Type0_NT100_NS10_NC9_NV10_NW9_O4,W_high_value_protection,unavailable,0.64547,unavailable,unavailable,unavailable,unavailable,No matching reference/context WTA-domain report was found.
swta,MultiSWTA2_Type0_NT100_NS10_NC9_NV10_NW9_O4,W_resource_conservative,unavailable,0.811376,unavailable,unavailable,unavailable,unavailable,No matching reference/context WTA-domain report was found.
swta,MultiSWTA2_Type0_NT100_NS10_NC9_NV10_NW9_O4,W_timeliness,unavailable,0.811376,unavailable,unavailable,unavailable,unavailable,No matching reference/context WTA-domain report was found.
swta,MultiSWTA2_Type0_NT100_NS6_NC6_NV6_NW6_O2,W_balanced,unavailable,0.672826,unavailable,unavailable,unavailable,unavailable,No matching reference/context WTA-domain report was found.
swta,MultiSWTA2_Type0_NT100_NS6_NC6_NV6_NW6_O2,W_effectiveness,unavailable,0.450652,unavailable,unavailable,unavailable,unavailable,No matching reference/context WTA-domain report was found.
swta,MultiSWTA2_Type0_NT100_NS6_NC6_NV6_NW6_O2,W_high_value_protection,unavailable,0.567826,unavailable,unavailable,unavailable,unavailable,No matching reference/context WTA-domain report was found.
swta,MultiSWTA2_Type0_NT100_NS6_NC6_NV6_NW6_O2,W_resource_conservative,unavailable,0.787261,unavailable,unavailable,unavailable,unavailable,No matching reference/context WTA-domain report was found.
swta,MultiSWTA2_Type0_NT100_NS6_NC6_NV6_NW6_O2,W_timeliness,unavailable,0.787261,unavailable,unavailable,unavailable,unavailable,No matching reference/context WTA-domain report was found.
swta,MultiSWTA2_Type0_NT100_NS6_NC6_NV6_NW6_O3,W_balanced,unavailable,0.672826,unavailable,unavailable,unavailable,unavailable,No matching reference/context WTA-domain report was found.
swta,MultiSWTA2_Type0_NT100_NS6_NC6_NV6_NW6_O3,W_effectiveness,unavailable,0.450652,unavailable,unavailable,unavailable,unavailable,No matching reference/context WTA-domain report was found.
swta,MultiSWTA2_Type0_NT100_NS6_NC6_NV6_NW6_O3,W_high_value_protection,unavailable,0.567826,unavailable,unavailable,unavailable,unavailable,No matching reference/context WTA-domain report was found.
swta,MultiSWTA2_Type0_NT100_NS6_NC6_NV6_NW6_O3,W_resource_conservative,unavailable,0.787261,unavailable,unavailable,unavailable,unavailable,No matching reference/context WTA-domain report was found.
swta,MultiSWTA2_Type0_NT100_NS6_NC6_NV6_NW6_O3,W_timeliness,unavailable,0.787261,unavailable,unavailable,unavailable,unavailable,No matching reference/context WTA-domain report was found.
swta,MultiSWTA2_Type0_NT100_NS6_NC6_NV6_NW6_O4,W_balanced,unavailable,0.672826,unavailable,unavailable,unavailable,unavailable,No matching reference/context WTA-domain report was found.
swta,MultiSWTA2_Type0_NT100_NS6_NC6_NV6_NW6_O4,W_effectiveness,unavailable,0.450652,unavailable,unavailable,unavailable,unavailable,No matching reference/context WTA-domain report was found.
swta,MultiSWTA2_Type0_NT100_NS6_NC6_NV6_NW6_O4,W_high_value_protection,unavailable,0.567826,unavailable,unavailable,unavailable,unavailable,No matching reference/context WTA-domain report was found.
swta,MultiSWTA2_Type0_NT100_NS6_NC6_NV6_NW6_O4,W_resource_conservative,unavailable,0.787261,unavailable,unavailable,unavailable,unavailable,No matching reference/context WTA-domain report was found.
swta,MultiSWTA2_Type0_NT100_NS6_NC6_NV6_NW6_O4,W_timeliness,unavailable,0.787261,unavailable,unavailable,unavailable,unavailable,No matching reference/context WTA-domain report was found.
swta,MultiSWTA2_Type0_NT200_NS12_NC6_NV12_NW6_O2,W_balanced,unavailable,0.673872,unavailable,unavailable,unavailable,unavailable,No matching reference/context WTA-domain report was found.
swta,MultiSWTA2_Type0_NT200_NS12_NC6_NV12_NW6_O2,W_effectiveness,unavailable,0.452743,unavailable,unavailable,unavailable,unavailable,No matching reference/context WTA-domain report was found.
swta,MultiSWTA2_Type0_NT200_NS12_NC6_NV12_NW6_O2,W_high_value_protection,unavailable,0.568871,unavailable,unavailable,unavailable,unavailable,No matching reference/context WTA-domain report was found.
swta,MultiSWTA2_Type0_NT200_NS12_NC6_NV12_NW6_O2,W_resource_conservative,unavailable,0.788097,unavailable,unavailable,unavailable,unavailable,No matching reference/context WTA-domain report was found.
swta,MultiSWTA2_Type0_NT200_NS12_NC6_NV12_NW6_O2,W_timeliness,unavailable,0.788097,unavailable,unavailable,unavailable,unavailable,No matching reference/context WTA-domain report was found.
swta,MultiSWTA2_Type0_NT200_NS12_NC6_NV12_NW6_O3,W_balanced,unavailable,0.673872,unavailable,unavailable,unavailable,unavailable,No matching reference/context WTA-domain report was found.
swta,MultiSWTA2_Type0_NT200_NS12_NC6_NV12_NW6_O3,W_effectiveness,unavailable,0.452743,unavailable,unavailable,unavailable,unavailable,No matching reference/context WTA-domain report was found.
swta,MultiSWTA2_Type0_NT200_NS12_NC6_NV12_NW6_O3,W_high_value_protection,unavailable,0.568871,unavailable,unavailable,unavailable,unavailable,No matching reference/context WTA-domain report was found.
swta,MultiSWTA2_Type0_NT200_NS12_NC6_NV12_NW6_O3,W_resource_conservative,unavailable,0.788097,unavailable,unavailable,unavailable,unavailable,No matching reference/context WTA-domain report was found.
swta,MultiSWTA2_Type0_NT200_NS12_NC6_NV12_NW6_O3,W_timeliness,unavailable,0.788097,unavailable,unavailable,unavailable,unavailable,No matching reference/context WTA-domain report was found.
swta,MultiSWTA2_Type0_NT200_NS12_NC6_NV12_NW6_O4,W_balanced,unavailable,0.673872,unavailable,unavailable,unavailable,unavailable,No matching reference/context WTA-domain report was found.
swta,MultiSWTA2_Type0_NT200_NS12_NC6_NV12_NW6_O4,W_effectiveness,unavailable,0.452743,unavailable,unavailable,unavailable,unavailable,No matching reference/context WTA-domain report was found.
swta,MultiSWTA2_Type0_NT200_NS12_NC6_NV12_NW6_O4,W_high_value_protection,unavailable,0.568871,unavailable,unavailable,unavailable,unavailable,No matching reference/context WTA-domain report was found.
swta,MultiSWTA2_Type0_NT200_NS12_NC6_NV12_NW6_O4,W_resource_conservative,unavailable,0.788097,unavailable,unavailable,unavailable,unavailable,No matching reference/context WTA-domain report was found.
swta,MultiSWTA2_Type0_NT200_NS12_NC6_NV12_NW6_O4,W_timeliness,unavailable,0.788097,unavailable,unavailable,unavailable,unavailable,No matching reference/context WTA-domain report was found.
swta,MultiSWTA2_Type0_NT200_NS15_NC12_NV15_NW12_O2,W_balanced,unavailable,0.695985,unavailable,unavailable,unavailable,unavailable,No matching reference/context WTA-domain report was found.
swta,MultiSWTA2_Type0_NT200_NS15_NC12_NV15_NW12_O2,W_effectiveness,unavailable,0.48572,unavailable,unavailable,unavailable,unavailable,No matching reference/context WTA-domain report was found.
swta,MultiSWTA2_Type0_NT200_NS15_NC12_NV15_NW12_O2,W_high_value_protection,unavailable,0.602235,unavailable,unavailable,unavailable,unavailable,No matching reference/context WTA-domain report was found.
swta,MultiSWTA2_Type0_NT200_NS15_NC12_NV15_NW12_O2,W_resource_conservative,unavailable,0.800538,unavailable,unavailable,unavailable,unavailable,No matching reference/context WTA-domain report was found.
swta,MultiSWTA2_Type0_NT200_NS15_NC12_NV15_NW12_O2,W_timeliness,unavailable,0.800538,unavailable,unavailable,unavailable,unavailable,No matching reference/context WTA-domain report was found.
swta,MultiSWTA2_Type0_NT200_NS15_NC12_NV15_NW12_O3,W_balanced,unavailable,0.695985,unavailable,unavailable,unavailable,unavailable,No matching reference/context WTA-domain report was found.
swta,MultiSWTA2_Type0_NT200_NS15_NC12_NV15_NW12_O3,W_effectiveness,unavailable,0.48572,unavailable,unavailable,unavailable,unavailable,No matching reference/context WTA-domain report was found.
swta,MultiSWTA2_Type0_NT200_NS15_NC12_NV15_NW12_O3,W_high_value_protection,unavailable,0.602235,unavailable,unavailable,unavailable,unavailable,No matching reference/context WTA-domain report was found.
swta,MultiSWTA2_Type0_NT200_NS15_NC12_NV15_NW12_O3,W_resource_conservative,unavailable,0.800538,unavailable,unavailable,unavailable,unavailable,No matching reference/context WTA-domain report was found.
swta,MultiSWTA2_Type0_NT200_NS15_NC12_NV15_NW12_O3,W_timeliness,unavailable,0.800538,unavailable,unavailable,unavailable,unavailable,No matching reference/context WTA-domain report was found.
swta,MultiSWTA2_Type0_NT200_NS15_NC12_NV15_NW12_O4,W_balanced,unavailable,0.695985,unavailable,unavailable,unavailable,unavailable,No matching reference/context WTA-domain report was found.
swta,MultiSWTA2_Type0_NT200_NS15_NC12_NV15_NW12_O4,W_effectiveness,unavailable,0.48572,unavailable,unavailable,unavailable,unavailable,No matching reference/context WTA-domain report was found.
swta,MultiSWTA2_Type0_NT200_NS15_NC12_NV15_NW12_O4,W_high_value_protection,unavailable,0.602235,unavailable,unavailable,unavailable,unavailable,No matching reference/context WTA-domain report was found.
swta,MultiSWTA2_Type0_NT200_NS15_NC12_NV15_NW12_O4,W_resource_conservative,unavailable,0.800538,unavailable,unavailable,unavailable,unavailable,No matching reference/context WTA-domain report was found.
swta,MultiSWTA2_Type0_NT200_NS15_NC12_NV15_NW12_O4,W_timeliness,unavailable,0.800538,unavailable,unavailable,unavailable,unavailable,No matching reference/context WTA-domain report was found.
swta,MultiSWTA2_Type0_NT50_NS5_NC2_NV5_NW2_O2,W_balanced,unavailable,0.721722,unavailable,unavailable,unavailable,unavailable,No matching reference/context WTA-domain report was found.
swta,MultiSWTA2_Type0_NT50_NS5_NC2_NV5_NW2_O2,W_effectiveness,unavailable,0.518444,unavailable,unavailable,unavailable,unavailable,No matching reference/context WTA-domain report was found.
swta,MultiSWTA2_Type0_NT50_NS5_NC2_NV5_NW2_O2,W_high_value_protection,unavailable,0.646722,unavailable,unavailable,unavailable,unavailable,No matching reference/context WTA-domain report was found.
swta,MultiSWTA2_Type0_NT50_NS5_NC2_NV5_NW2_O2,W_resource_conservative,unavailable,0.812378,unavailable,unavailable,unavailable,unavailable,No matching reference/context WTA-domain report was found.
swta,MultiSWTA2_Type0_NT50_NS5_NC2_NV5_NW2_O2,W_timeliness,unavailable,0.812378,unavailable,unavailable,unavailable,unavailable,No matching reference/context WTA-domain report was found.
swta,MultiSWTA2_Type0_NT50_NS5_NC2_NV5_NW2_O3,W_balanced,unavailable,0.721722,unavailable,unavailable,unavailable,unavailable,No matching reference/context WTA-domain report was found.
swta,MultiSWTA2_Type0_NT50_NS5_NC2_NV5_NW2_O3,W_effectiveness,unavailable,0.518444,unavailable,unavailable,unavailable,unavailable,No matching reference/context WTA-domain report was found.
swta,MultiSWTA2_Type0_NT50_NS5_NC2_NV5_NW2_O3,W_high_value_protection,unavailable,0.646722,unavailable,unavailable,unavailable,unavailable,No matching reference/context WTA-domain report was found.
swta,MultiSWTA2_Type0_NT50_NS5_NC2_NV5_NW2_O3,W_resource_conservative,unavailable,0.812378,unavailable,unavailable,unavailable,unavailable,No matching reference/context WTA-domain report was found.
swta,MultiSWTA2_Type0_NT50_NS5_NC2_NV5_NW2_O3,W_timeliness,unavailable,0.812378,unavailable,unavailable,unavailable,unavailable,No matching reference/context WTA-domain report was found.
swta,MultiSWTA2_Type0_NT50_NS5_NC2_NV5_NW2_O4,W_balanced,unavailable,0.721722,unavailable,unavailable,unavailable,unavailable,No matching reference/context WTA-domain report was found.
swta,MultiSWTA2_Type0_NT50_NS5_NC2_NV5_NW2_O4,W_effectiveness,unavailable,0.518444,unavailable,unavailable,unavailable,unavailable,No matching reference/context WTA-domain report was found.
swta,MultiSWTA2_Type0_NT50_NS5_NC2_NV5_NW2_O4,W_high_value_protection,unavailable,0.646722,unavailable,unavailable,unavailable,unavailable,No matching reference/context WTA-domain report was found.
swta,MultiSWTA2_Type0_NT50_NS5_NC2_NV5_NW2_O4,W_resource_conservative,unavailable,0.812378,unavailable,unavailable,unavailable,unavailable,No matching reference/context WTA-domain report was found.
swta,MultiSWTA2_Type0_NT50_NS5_NC2_NV5_NW2_O4,W_timeliness,unavailable,0.812378,unavailable,unavailable,unavailable,unavailable,No matching reference/context WTA-domain report was found.
swta,MultiSWTA2_Type0_NT50_NS8_NC6_NV8_NW6_O2,W_balanced,unavailable,0.797277,unavailable,unavailable,unavailable,unavailable,No matching reference/context WTA-domain report was found.
swta,MultiSWTA2_Type0_NT50_NS8_NC6_NV8_NW6_O2,W_effectiveness,unavailable,0.624553,unavailable,unavailable,unavailable,unavailable,No matching reference/context WTA-domain report was found.
swta,MultiSWTA2_Type0_NT50_NS8_NC6_NV8_NW6_O2,W_high_value_protection,unavailable,0.767277,unavailable,unavailable,unavailable,unavailable,No matching reference/context WTA-domain report was found.
swta,MultiSWTA2_Type0_NT50_NS8_NC6_NV8_NW6_O2,W_resource_conservative,unavailable,0.851821,unavailable,unavailable,unavailable,unavailable,No matching reference/context WTA-domain report was found.
swta,MultiSWTA2_Type0_NT50_NS8_NC6_NV8_NW6_O2,W_timeliness,unavailable,0.851821,unavailable,unavailable,unavailable,unavailable,No matching reference/context WTA-domain report was found.
swta,MultiSWTA2_Type0_NT50_NS8_NC6_NV8_NW6_O3,W_balanced,unavailable,0.797277,unavailable,unavailable,unavailable,unavailable,No matching reference/context WTA-domain report was found.
swta,MultiSWTA2_Type0_NT50_NS8_NC6_NV8_NW6_O3,W_effectiveness,unavailable,0.624553,unavailable,unavailable,unavailable,unavailable,No matching reference/context WTA-domain report was found.
swta,MultiSWTA2_Type0_NT50_NS8_NC6_NV8_NW6_O3,W_high_value_protection,unavailable,0.767277,unavailable,unavailable,unavailable,unavailable,No matching reference/context WTA-domain report was found.
swta,MultiSWTA2_Type0_NT50_NS8_NC6_NV8_NW6_O3,W_resource_conservative,unavailable,0.851821,unavailable,unavailable,unavailable,unavailable,No matching reference/context WTA-domain report was found.
swta,MultiSWTA2_Type0_NT50_NS8_NC6_NV8_NW6_O3,W_timeliness,unavailable,0.851821,unavailable,unavailable,unavailable,unavailable,No matching reference/context WTA-domain report was found.
swta,MultiSWTA2_Type0_NT50_NS8_NC6_NV8_NW6_O4,W_balanced,unavailable,0.797277,unavailable,unavailable,unavailable,unavailable,No matching reference/context WTA-domain report was found.
swta,MultiSWTA2_Type0_NT50_NS8_NC6_NV8_NW6_O4,W_effectiveness,unavailable,0.624553,unavailable,unavailable,unavailable,unavailable,No matching reference/context WTA-domain report was found.
swta,MultiSWTA2_Type0_NT50_NS8_NC6_NV8_NW6_O4,W_high_value_protection,unavailable,0.767277,unavailable,unavailable,unavailable,unavailable,No matching reference/context WTA-domain report was found.
swta,MultiSWTA2_Type0_NT50_NS8_NC6_NV8_NW6_O4,W_resource_conservative,unavailable,0.851821,unavailable,unavailable,unavailable,unavailable,No matching reference/context WTA-domain report was found.
swta,MultiSWTA2_Type0_NT50_NS8_NC6_NV8_NW6_O4,W_timeliness,unavailable,0.851821,unavailable,unavailable,unavailable,unavailable,No matching reference/context WTA-domain report was found.
swta,MultiSWTA2_Type1_NT100_NS10_NC9_NV10_NW9_O2,W_balanced,unavailable,0.717355,unavailable,unavailable,unavailable,unavailable,No matching reference/context WTA-domain report was found.
swta,MultiSWTA2_Type1_NT100_NS10_NC9_NV10_NW9_O2,W_effectiveness,unavailable,0.509711,unavailable,unavailable,unavailable,unavailable,No matching reference/context WTA-domain report was found.
swta,MultiSWTA2_Type1_NT100_NS10_NC9_NV10_NW9_O2,W_high_value_protection,unavailable,0.642356,unavailable,unavailable,unavailable,unavailable,No matching reference/context WTA-domain report was found.
swta,MultiSWTA2_Type1_NT100_NS10_NC9_NV10_NW9_O2,W_resource_conservative,unavailable,0.808884,unavailable,unavailable,unavailable,unavailable,No matching reference/context WTA-domain report was found.
swta,MultiSWTA2_Type1_NT100_NS10_NC9_NV10_NW9_O2,W_timeliness,unavailable,0.808884,unavailable,unavailable,unavailable,unavailable,No matching reference/context WTA-domain report was found.
swta,MultiSWTA2_Type1_NT100_NS10_NC9_NV10_NW9_O3,W_balanced,unavailable,0.717355,unavailable,unavailable,unavailable,unavailable,No matching reference/context WTA-domain report was found.
swta,MultiSWTA2_Type1_NT100_NS10_NC9_NV10_NW9_O3,W_effectiveness,unavailable,0.509711,unavailable,unavailable,unavailable,unavailable,No matching reference/context WTA-domain report was found.
swta,MultiSWTA2_Type1_NT100_NS10_NC9_NV10_NW9_O3,W_high_value_protection,unavailable,0.642356,unavailable,unavailable,unavailable,unavailable,No matching reference/context WTA-domain report was found.
swta,MultiSWTA2_Type1_NT100_NS10_NC9_NV10_NW9_O3,W_resource_conservative,unavailable,0.808884,unavailable,unavailable,unavailable,unavailable,No matching reference/context WTA-domain report was found.
swta,MultiSWTA2_Type1_NT100_NS10_NC9_NV10_NW9_O3,W_timeliness,unavailable,0.808884,unavailable,unavailable,unavailable,unavailable,No matching reference/context WTA-domain report was found.
swta,MultiSWTA2_Type1_NT100_NS10_NC9_NV10_NW9_O4,W_balanced,unavailable,0.717355,unavailable,unavailable,unavailable,unavailable,No matching reference/context WTA-domain report was found.
swta,MultiSWTA2_Type1_NT100_NS10_NC9_NV10_NW9_O4,W_effectiveness,unavailable,0.509711,unavailable,unavailable,unavailable,unavailable,No matching reference/context WTA-domain report was found.
swta,MultiSWTA2_Type1_NT100_NS10_NC9_NV10_NW9_O4,W_high_value_protection,unavailable,0.642356,unavailable,unavailable,unavailable,unavailable,No matching reference/context WTA-domain report was found.
swta,MultiSWTA2_Type1_NT100_NS10_NC9_NV10_NW9_O4,W_resource_conservative,unavailable,0.808884,unavailable,unavailable,unavailable,unavailable,No matching reference/context WTA-domain report was found.
swta,MultiSWTA2_Type1_NT100_NS10_NC9_NV10_NW9_O4,W_timeliness,unavailable,0.808884,unavailable,unavailable,unavailable,unavailable,No matching reference/context WTA-domain report was found.
swta,MultiSWTA2_Type1_NT100_NS6_NC6_NV6_NW6_O2,W_balanced,unavailable,0.673372,unavailable,unavailable,unavailable,unavailable,No matching reference/context WTA-domain report was found.
swta,MultiSWTA2_Type1_NT100_NS6_NC6_NV6_NW6_O2,W_effectiveness,unavailable,0.451743,unavailable,unavailable,unavailable,unavailable,No matching reference/context WTA-domain report was found.
swta,MultiSWTA2_Type1_NT100_NS6_NC6_NV6_NW6_O2,W_high_value_protection,unavailable,0.568372,unavailable,unavailable,unavailable,unavailable,No matching reference/context WTA-domain report was found.
swta,MultiSWTA2_Type1_NT100_NS6_NC6_NV6_NW6_O2,W_resource_conservative,unavailable,0.787697,unavailable,unavailable,unavailable,unavailable,No matching reference/context WTA-domain report was found.
swta,MultiSWTA2_Type1_NT100_NS6_NC6_NV6_NW6_O2,W_timeliness,unavailable,0.787697,unavailable,unavailable,unavailable,unavailable,No matching reference/context WTA-domain report was found.
swta,MultiSWTA2_Type1_NT100_NS6_NC6_NV6_NW6_O3,W_balanced,unavailable,0.673372,unavailable,unavailable,unavailable,unavailable,No matching reference/context WTA-domain report was found.
swta,MultiSWTA2_Type1_NT100_NS6_NC6_NV6_NW6_O3,W_effectiveness,unavailable,0.451743,unavailable,unavailable,unavailable,unavailable,No matching reference/context WTA-domain report was found.
swta,MultiSWTA2_Type1_NT100_NS6_NC6_NV6_NW6_O3,W_high_value_protection,unavailable,0.568372,unavailable,unavailable,unavailable,unavailable,No matching reference/context WTA-domain report was found.
swta,MultiSWTA2_Type1_NT100_NS6_NC6_NV6_NW6_O3,W_resource_conservative,unavailable,0.787697,unavailable,unavailable,unavailable,unavailable,No matching reference/context WTA-domain report was found.
swta,MultiSWTA2_Type1_NT100_NS6_NC6_NV6_NW6_O3,W_timeliness,unavailable,0.787697,unavailable,unavailable,unavailable,unavailable,No matching reference/context WTA-domain report was found.
swta,MultiSWTA2_Type1_NT100_NS6_NC6_NV6_NW6_O4,W_balanced,unavailable,0.673372,unavailable,unavailable,unavailable,unavailable,No matching reference/context WTA-domain report was found.
swta,MultiSWTA2_Type1_NT100_NS6_NC6_NV6_NW6_O4,W_effectiveness,unavailable,0.451743,unavailable,unavailable,unavailable,unavailable,No matching reference/context WTA-domain report was found.
swta,MultiSWTA2_Type1_NT100_NS6_NC6_NV6_NW6_O4,W_high_value_protection,unavailable,0.568372,unavailable,unavailable,unavailable,unavailable,No matching reference/context WTA-domain report was found.
swta,MultiSWTA2_Type1_NT100_NS6_NC6_NV6_NW6_O4,W_resource_conservative,unavailable,0.787697,unavailable,unavailable,unavailable,unavailable,No matching reference/context WTA-domain report was found.
swta,MultiSWTA2_Type1_NT100_NS6_NC6_NV6_NW6_O4,W_timeliness,unavailable,0.787697,unavailable,unavailable,unavailable,unavailable,No matching reference/context WTA-domain report was found.
swta,MultiSWTA2_Type1_NT200_NS12_NC6_NV12_NW6_O2,W_balanced,unavailable,0.674212,unavailable,unavailable,unavailable,unavailable,No matching reference/context WTA-domain report was found.
swta,MultiSWTA2_Type1_NT200_NS12_NC6_NV12_NW6_O2,W_effectiveness,unavailable,0.453425,unavailable,unavailable,unavailable,unavailable,No matching reference/context WTA-domain report was found.
swta,MultiSWTA2_Type1_NT200_NS12_NC6_NV12_NW6_O2,W_high_value_protection,unavailable,0.569213,unavailable,unavailable,unavailable,unavailable,No matching reference/context WTA-domain report was found.
swta,MultiSWTA2_Type1_NT200_NS12_NC6_NV12_NW6_O2,W_resource_conservative,unavailable,0.78837,unavailable,unavailable,unavailable,unavailable,No matching reference/context WTA-domain report was found.
swta,MultiSWTA2_Type1_NT200_NS12_NC6_NV12_NW6_O2,W_timeliness,unavailable,0.78837,unavailable,unavailable,unavailable,unavailable,No matching reference/context WTA-domain report was found.
swta,MultiSWTA2_Type1_NT200_NS12_NC6_NV12_NW6_O3,W_balanced,unavailable,0.674212,unavailable,unavailable,unavailable,unavailable,No matching reference/context WTA-domain report was found.
swta,MultiSWTA2_Type1_NT200_NS12_NC6_NV12_NW6_O3,W_effectiveness,unavailable,0.453425,unavailable,unavailable,unavailable,unavailable,No matching reference/context WTA-domain report was found.
swta,MultiSWTA2_Type1_NT200_NS12_NC6_NV12_NW6_O3,W_high_value_protection,unavailable,0.569213,unavailable,unavailable,unavailable,unavailable,No matching reference/context WTA-domain report was found.
swta,MultiSWTA2_Type1_NT200_NS12_NC6_NV12_NW6_O3,W_resource_conservative,unavailable,0.78837,unavailable,unavailable,unavailable,unavailable,No matching reference/context WTA-domain report was found.
swta,MultiSWTA2_Type1_NT200_NS12_NC6_NV12_NW6_O3,W_timeliness,unavailable,0.78837,unavailable,unavailable,unavailable,unavailable,No matching reference/context WTA-domain report was found.
swta,MultiSWTA2_Type1_NT200_NS12_NC6_NV12_NW6_O4,W_balanced,unavailable,0.674212,unavailable,unavailable,unavailable,unavailable,No matching reference/context WTA-domain report was found.
swta,MultiSWTA2_Type1_NT200_NS12_NC6_NV12_NW6_O4,W_effectiveness,unavailable,0.453425,unavailable,unavailable,unavailable,unavailable,No matching reference/context WTA-domain report was found.
swta,MultiSWTA2_Type1_NT200_NS12_NC6_NV12_NW6_O4,W_high_value_protection,unavailable,0.569213,unavailable,unavailable,unavailable,unavailable,No matching reference/context WTA-domain report was found.
swta,MultiSWTA2_Type1_NT200_NS12_NC6_NV12_NW6_O4,W_resource_conservative,unavailable,0.78837,unavailable,unavailable,unavailable,unavailable,No matching reference/context WTA-domain report was found.
swta,MultiSWTA2_Type1_NT200_NS12_NC6_NV12_NW6_O4,W_timeliness,unavailable,0.78837,unavailable,unavailable,unavailable,unavailable,No matching reference/context WTA-domain report was found.
swta,MultiSWTA2_Type1_NT200_NS15_NC12_NV15_NW12_O2,W_balanced,unavailable,0.691608,unavailable,unavailable,unavailable,unavailable,No matching reference/context WTA-domain report was found.
swta,MultiSWTA2_Type1_NT200_NS15_NC12_NV15_NW12_O2,W_effectiveness,unavailable,0.476965,unavailable,unavailable,unavailable,unavailable,No matching reference/context WTA-domain report was found.
swta,MultiSWTA2_Type1_NT200_NS15_NC12_NV15_NW12_O2,W_high_value_protection,unavailable,0.597857,unavailable,unavailable,unavailable,unavailable,No matching reference/context WTA-domain report was found.
swta,MultiSWTA2_Type1_NT200_NS15_NC12_NV15_NW12_O2,W_resource_conservative,unavailable,0.797036,unavailable,unavailable,unavailable,unavailable,No matching reference/context WTA-domain report was found.
swta,MultiSWTA2_Type1_NT200_NS15_NC12_NV15_NW12_O2,W_timeliness,unavailable,0.797036,unavailable,unavailable,unavailable,unavailable,No matching reference/context WTA-domain report was found.
swta,MultiSWTA2_Type1_NT200_NS15_NC12_NV15_NW12_O3,W_balanced,unavailable,0.691608,unavailable,unavailable,unavailable,unavailable,No matching reference/context WTA-domain report was found.
swta,MultiSWTA2_Type1_NT200_NS15_NC12_NV15_NW12_O3,W_effectiveness,unavailable,0.476965,unavailable,unavailable,unavailable,unavailable,No matching reference/context WTA-domain report was found.
swta,MultiSWTA2_Type1_NT200_NS15_NC12_NV15_NW12_O3,W_high_value_protection,unavailable,0.597857,unavailable,unavailable,unavailable,unavailable,No matching reference/context WTA-domain report was found.
swta,MultiSWTA2_Type1_NT200_NS15_NC12_NV15_NW12_O3,W_resource_conservative,unavailable,0.797036,unavailable,unavailable,unavailable,unavailable,No matching reference/context WTA-domain report was found.
swta,MultiSWTA2_Type1_NT200_NS15_NC12_NV15_NW12_O3,W_timeliness,unavailable,0.797036,unavailable,unavailable,unavailable,unavailable,No matching reference/context WTA-domain report was found.
swta,MultiSWTA2_Type1_NT200_NS15_NC12_NV15_NW12_O4,W_balanced,unavailable,0.691608,unavailable,unavailable,unavailable,unavailable,No matching reference/context WTA-domain report was found.
swta,MultiSWTA2_Type1_NT200_NS15_NC12_NV15_NW12_O4,W_effectiveness,unavailable,0.476965,unavailable,unavailable,unavailable,unavailable,No matching reference/context WTA-domain report was found.
swta,MultiSWTA2_Type1_NT200_NS15_NC12_NV15_NW12_O4,W_high_value_protection,unavailable,0.597857,unavailable,unavailable,unavailable,unavailable,No matching reference/context WTA-domain report was found.
swta,MultiSWTA2_Type1_NT200_NS15_NC12_NV15_NW12_O4,W_resource_conservative,unavailable,0.797036,unavailable,unavailable,unavailable,unavailable,No matching reference/context WTA-domain report was found.
swta,MultiSWTA2_Type1_NT200_NS15_NC12_NV15_NW12_O4,W_timeliness,unavailable,0.797036,unavailable,unavailable,unavailable,unavailable,No matching reference/context WTA-domain report was found.
swta,MultiSWTA2_Type1_NT50_NS5_NC2_NV5_NW2_O2,W_balanced,unavailable,0.724331,unavailable,unavailable,unavailable,unavailable,No matching reference/context WTA-domain report was found.
swta,MultiSWTA2_Type1_NT50_NS5_NC2_NV5_NW2_O2,W_effectiveness,unavailable,0.523663,unavailable,unavailable,unavailable,unavailable,No matching reference/context WTA-domain report was found.
swta,MultiSWTA2_Type1_NT50_NS5_NC2_NV5_NW2_O2,W_high_value_protection,unavailable,0.649331,unavailable,unavailable,unavailable,unavailable,No matching reference/context WTA-domain report was found.
swta,MultiSWTA2_Type1_NT50_NS5_NC2_NV5_NW2_O2,W_resource_conservative,unavailable,0.814465,unavailable,unavailable,unavailable,unavailable,No matching reference/context WTA-domain report was found.
swta,MultiSWTA2_Type1_NT50_NS5_NC2_NV5_NW2_O2,W_timeliness,unavailable,0.814465,unavailable,unavailable,unavailable,unavailable,No matching reference/context WTA-domain report was found.
swta,MultiSWTA2_Type1_NT50_NS5_NC2_NV5_NW2_O3,W_balanced,unavailable,0.724331,unavailable,unavailable,unavailable,unavailable,No matching reference/context WTA-domain report was found.
swta,MultiSWTA2_Type1_NT50_NS5_NC2_NV5_NW2_O3,W_effectiveness,unavailable,0.523663,unavailable,unavailable,unavailable,unavailable,No matching reference/context WTA-domain report was found.
swta,MultiSWTA2_Type1_NT50_NS5_NC2_NV5_NW2_O3,W_high_value_protection,unavailable,0.649331,unavailable,unavailable,unavailable,unavailable,No matching reference/context WTA-domain report was found.
swta,MultiSWTA2_Type1_NT50_NS5_NC2_NV5_NW2_O3,W_resource_conservative,unavailable,0.814465,unavailable,unavailable,unavailable,unavailable,No matching reference/context WTA-domain report was found.
swta,MultiSWTA2_Type1_NT50_NS5_NC2_NV5_NW2_O3,W_timeliness,unavailable,0.814465,unavailable,unavailable,unavailable,unavailable,No matching reference/context WTA-domain report was found.
swta,MultiSWTA2_Type1_NT50_NS5_NC2_NV5_NW2_O4,W_balanced,unavailable,0.724331,unavailable,unavailable,unavailable,unavailable,No matching reference/context WTA-domain report was found.
swta,MultiSWTA2_Type1_NT50_NS5_NC2_NV5_NW2_O4,W_effectiveness,unavailable,0.523663,unavailable,unavailable,unavailable,unavailable,No matching reference/context WTA-domain report was found.
swta,MultiSWTA2_Type1_NT50_NS5_NC2_NV5_NW2_O4,W_high_value_protection,unavailable,0.649331,unavailable,unavailable,unavailable,unavailable,No matching reference/context WTA-domain report was found.
swta,MultiSWTA2_Type1_NT50_NS5_NC2_NV5_NW2_O4,W_resource_conservative,unavailable,0.814465,unavailable,unavailable,unavailable,unavailable,No matching reference/context WTA-domain report was found.
swta,MultiSWTA2_Type1_NT50_NS5_NC2_NV5_NW2_O4,W_timeliness,unavailable,0.814465,unavailable,unavailable,unavailable,unavailable,No matching reference/context WTA-domain report was found.
swta,MultiSWTA2_Type1_NT50_NS8_NC6_NV8_NW6_O2,W_balanced,unavailable,0.802848,unavailable,unavailable,unavailable,unavailable,No matching reference/context WTA-domain report was found.
swta,MultiSWTA2_Type1_NT50_NS8_NC6_NV8_NW6_O2,W_effectiveness,unavailable,0.635697,unavailable,unavailable,unavailable,unavailable,No matching reference/context WTA-domain report was found.
swta,MultiSWTA2_Type1_NT50_NS8_NC6_NV8_NW6_O2,W_high_value_protection,unavailable,0.772849,unavailable,unavailable,unavailable,unavailable,No matching reference/context WTA-domain report was found.
swta,MultiSWTA2_Type1_NT50_NS8_NC6_NV8_NW6_O2,W_resource_conservative,unavailable,0.856279,unavailable,unavailable,unavailable,unavailable,No matching reference/context WTA-domain report was found.
swta,MultiSWTA2_Type1_NT50_NS8_NC6_NV8_NW6_O2,W_timeliness,unavailable,0.856279,unavailable,unavailable,unavailable,unavailable,No matching reference/context WTA-domain report was found.
swta,MultiSWTA2_Type1_NT50_NS8_NC6_NV8_NW6_O3,W_balanced,unavailable,0.802848,unavailable,unavailable,unavailable,unavailable,No matching reference/context WTA-domain report was found.
swta,MultiSWTA2_Type1_NT50_NS8_NC6_NV8_NW6_O3,W_effectiveness,unavailable,0.635697,unavailable,unavailable,unavailable,unavailable,No matching reference/context WTA-domain report was found.
swta,MultiSWTA2_Type1_NT50_NS8_NC6_NV8_NW6_O3,W_high_value_protection,unavailable,0.772849,unavailable,unavailable,unavailable,unavailable,No matching reference/context WTA-domain report was found.
swta,MultiSWTA2_Type1_NT50_NS8_NC6_NV8_NW6_O3,W_resource_conservative,unavailable,0.856279,unavailable,unavailable,unavailable,unavailable,No matching reference/context WTA-domain report was found.
swta,MultiSWTA2_Type1_NT50_NS8_NC6_NV8_NW6_O3,W_timeliness,unavailable,0.856279,unavailable,unavailable,unavailable,unavailable,No matching reference/context WTA-domain report was found.
swta,MultiSWTA2_Type1_NT50_NS8_NC6_NV8_NW6_O4,W_balanced,unavailable,0.802848,unavailable,unavailable,unavailable,unavailable,No matching reference/context WTA-domain report was found.
swta,MultiSWTA2_Type1_NT50_NS8_NC6_NV8_NW6_O4,W_effectiveness,unavailable,0.635697,unavailable,unavailable,unavailable,unavailable,No matching reference/context WTA-domain report was found.
swta,MultiSWTA2_Type1_NT50_NS8_NC6_NV8_NW6_O4,W_high_value_protection,unavailable,0.772849,unavailable,unavailable,unavailable,unavailable,No matching reference/context WTA-domain report was found.
swta,MultiSWTA2_Type1_NT50_NS8_NC6_NV8_NW6_O4,W_resource_conservative,unavailable,0.856279,unavailable,unavailable,unavailable,unavailable,No matching reference/context WTA-domain report was found.
swta,MultiSWTA2_Type1_NT50_NS8_NC6_NV8_NW6_O4,W_timeliness,unavailable,0.856279,unavailable,unavailable,unavailable,unavailable,No matching reference/context WTA-domain report was found.
swta,MultiSWTA3_Type0_NT100_NS10_NC9_NV10_NW9_O2,W_balanced,unavailable,0.659976,unavailable,unavailable,unavailable,unavailable,No matching reference/context WTA-domain report was found.
swta,MultiSWTA3_Type0_NT100_NS10_NC9_NV10_NW9_O2,W_effectiveness,unavailable,0.432451,unavailable,unavailable,unavailable,unavailable,No matching reference/context WTA-domain report was found.
swta,MultiSWTA3_Type0_NT100_NS10_NC9_NV10_NW9_O2,W_high_value_protection,unavailable,0.547476,unavailable,unavailable,unavailable,unavailable,No matching reference/context WTA-domain report was found.
swta,MultiSWTA3_Type0_NT100_NS10_NC9_NV10_NW9_O2,W_resource_conservative,unavailable,0.780481,unavailable,unavailable,unavailable,unavailable,No matching reference/context WTA-domain report was found.
swta,MultiSWTA3_Type0_NT100_NS10_NC9_NV10_NW9_O2,W_timeliness,unavailable,0.780481,unavailable,unavailable,unavailable,unavailable,No matching reference/context WTA-domain report was found.
swta,MultiSWTA3_Type0_NT100_NS10_NC9_NV10_NW9_O3,W_balanced,unavailable,0.659976,unavailable,unavailable,unavailable,unavailable,No matching reference/context WTA-domain report was found.
swta,MultiSWTA3_Type0_NT100_NS10_NC9_NV10_NW9_O3,W_effectiveness,unavailable,0.432451,unavailable,unavailable,unavailable,unavailable,No matching reference/context WTA-domain report was found.
swta,MultiSWTA3_Type0_NT100_NS10_NC9_NV10_NW9_O3,W_high_value_protection,unavailable,0.547476,unavailable,unavailable,unavailable,unavailable,No matching reference/context WTA-domain report was found.
swta,MultiSWTA3_Type0_NT100_NS10_NC9_NV10_NW9_O3,W_resource_conservative,unavailable,0.780481,unavailable,unavailable,unavailable,unavailable,No matching reference/context WTA-domain report was found.
swta,MultiSWTA3_Type0_NT100_NS10_NC9_NV10_NW9_O3,W_timeliness,unavailable,0.780481,unavailable,unavailable,unavailable,unavailable,No matching reference/context WTA-domain report was found.
swta,MultiSWTA3_Type0_NT100_NS10_NC9_NV10_NW9_O4,W_balanced,unavailable,0.659976,unavailable,unavailable,unavailable,unavailable,No matching reference/context WTA-domain report was found.
swta,MultiSWTA3_Type0_NT100_NS10_NC9_NV10_NW9_O4,W_effectiveness,unavailable,0.432451,unavailable,unavailable,unavailable,unavailable,No matching reference/context WTA-domain report was found.
swta,MultiSWTA3_Type0_NT100_NS10_NC9_NV10_NW9_O4,W_high_value_protection,unavailable,0.547476,unavailable,unavailable,unavailable,unavailable,No matching reference/context WTA-domain report was found.
swta,MultiSWTA3_Type0_NT100_NS10_NC9_NV10_NW9_O4,W_resource_conservative,unavailable,0.780481,unavailable,unavailable,unavailable,unavailable,No matching reference/context WTA-domain report was found.
swta,MultiSWTA3_Type0_NT100_NS10_NC9_NV10_NW9_O4,W_timeliness,unavailable,0.780481,unavailable,unavailable,unavailable,unavailable,No matching reference/context WTA-domain report was found.
swta,MultiSWTA3_Type0_NT100_NS6_NC6_NV6_NW6_O2,W_balanced,unavailable,0.656479,unavailable,unavailable,unavailable,unavailable,No matching reference/context WTA-domain report was found.
swta,MultiSWTA3_Type0_NT100_NS6_NC6_NV6_NW6_O2,W_effectiveness,unavailable,0.425458,unavailable,unavailable,unavailable,unavailable,No matching reference/context WTA-domain report was found.
swta,MultiSWTA3_Type0_NT100_NS6_NC6_NV6_NW6_O2,W_high_value_protection,unavailable,0.543979,unavailable,unavailable,unavailable,unavailable,No matching reference/context WTA-domain report was found.
swta,MultiSWTA3_Type0_NT100_NS6_NC6_NV6_NW6_O2,W_resource_conservative,unavailable,0.777683,unavailable,unavailable,unavailable,unavailable,No matching reference/context WTA-domain report was found.
swta,MultiSWTA3_Type0_NT100_NS6_NC6_NV6_NW6_O2,W_timeliness,unavailable,0.777683,unavailable,unavailable,unavailable,unavailable,No matching reference/context WTA-domain report was found.
swta,MultiSWTA3_Type0_NT100_NS6_NC6_NV6_NW6_O3,W_balanced,unavailable,0.656479,unavailable,unavailable,unavailable,unavailable,No matching reference/context WTA-domain report was found.
swta,MultiSWTA3_Type0_NT100_NS6_NC6_NV6_NW6_O3,W_effectiveness,unavailable,0.425458,unavailable,unavailable,unavailable,unavailable,No matching reference/context WTA-domain report was found.
swta,MultiSWTA3_Type0_NT100_NS6_NC6_NV6_NW6_O3,W_high_value_protection,unavailable,0.543979,unavailable,unavailable,unavailable,unavailable,No matching reference/context WTA-domain report was found.
swta,MultiSWTA3_Type0_NT100_NS6_NC6_NV6_NW6_O3,W_resource_conservative,unavailable,0.777683,unavailable,unavailable,unavailable,unavailable,No matching reference/context WTA-domain report was found.
swta,MultiSWTA3_Type0_NT100_NS6_NC6_NV6_NW6_O3,W_timeliness,unavailable,0.777683,unavailable,unavailable,unavailable,unavailable,No matching reference/context WTA-domain report was found.
swta,MultiSWTA3_Type0_NT100_NS6_NC6_NV6_NW6_O4,W_balanced,unavailable,0.656479,unavailable,unavailable,unavailable,unavailable,No matching reference/context WTA-domain report was found.
swta,MultiSWTA3_Type0_NT100_NS6_NC6_NV6_NW6_O4,W_effectiveness,unavailable,0.425458,unavailable,unavailable,unavailable,unavailable,No matching reference/context WTA-domain report was found.
swta,MultiSWTA3_Type0_NT100_NS6_NC6_NV6_NW6_O4,W_high_value_protection,unavailable,0.543979,unavailable,unavailable,unavailable,unavailable,No matching reference/context WTA-domain report was found.
swta,MultiSWTA3_Type0_NT100_NS6_NC6_NV6_NW6_O4,W_resource_conservative,unavailable,0.777683,unavailable,unavailable,unavailable,unavailable,No matching reference/context WTA-domain report was found.
swta,MultiSWTA3_Type0_NT100_NS6_NC6_NV6_NW6_O4,W_timeliness,unavailable,0.777683,unavailable,unavailable,unavailable,unavailable,No matching reference/context WTA-domain report was found.
swta,MultiSWTA3_Type0_NT200_NS12_NC6_NV12_NW6_O2,W_balanced,unavailable,0.647541,unavailable,unavailable,unavailable,unavailable,No matching reference/context WTA-domain report was found.
swta,MultiSWTA3_Type0_NT200_NS12_NC6_NV12_NW6_O2,W_effectiveness,unavailable,0.415081,unavailable,unavailable,unavailable,unavailable,No matching reference/context WTA-domain report was found.
swta,MultiSWTA3_Type0_NT200_NS12_NC6_NV12_NW6_O2,W_high_value_protection,unavailable,0.527541,unavailable,unavailable,unavailable,unavailable,No matching reference/context WTA-domain report was found.
swta,MultiSWTA3_Type0_NT200_NS12_NC6_NV12_NW6_O2,W_resource_conservative,unavailable,0.774033,unavailable,unavailable,unavailable,unavailable,No matching reference/context WTA-domain report was found.
swta,MultiSWTA3_Type0_NT200_NS12_NC6_NV12_NW6_O2,W_timeliness,unavailable,0.774033,unavailable,unavailable,unavailable,unavailable,No matching reference/context WTA-domain report was found.
swta,MultiSWTA3_Type0_NT200_NS12_NC6_NV12_NW6_O3,W_balanced,unavailable,0.647541,unavailable,unavailable,unavailable,unavailable,No matching reference/context WTA-domain report was found.
swta,MultiSWTA3_Type0_NT200_NS12_NC6_NV12_NW6_O3,W_effectiveness,unavailable,0.415081,unavailable,unavailable,unavailable,unavailable,No matching reference/context WTA-domain report was found.
swta,MultiSWTA3_Type0_NT200_NS12_NC6_NV12_NW6_O3,W_high_value_protection,unavailable,0.527541,unavailable,unavailable,unavailable,unavailable,No matching reference/context WTA-domain report was found.
swta,MultiSWTA3_Type0_NT200_NS12_NC6_NV12_NW6_O3,W_resource_conservative,unavailable,0.774033,unavailable,unavailable,unavailable,unavailable,No matching reference/context WTA-domain report was found.
swta,MultiSWTA3_Type0_NT200_NS12_NC6_NV12_NW6_O3,W_timeliness,unavailable,0.774033,unavailable,unavailable,unavailable,unavailable,No matching reference/context WTA-domain report was found.
swta,MultiSWTA3_Type0_NT200_NS12_NC6_NV12_NW6_O4,W_balanced,unavailable,0.647541,unavailable,unavailable,unavailable,unavailable,No matching reference/context WTA-domain report was found.
swta,MultiSWTA3_Type0_NT200_NS12_NC6_NV12_NW6_O4,W_effectiveness,unavailable,0.415081,unavailable,unavailable,unavailable,unavailable,No matching reference/context WTA-domain report was found.
swta,MultiSWTA3_Type0_NT200_NS12_NC6_NV12_NW6_O4,W_high_value_protection,unavailable,0.527541,unavailable,unavailable,unavailable,unavailable,No matching reference/context WTA-domain report was found.
swta,MultiSWTA3_Type0_NT200_NS12_NC6_NV12_NW6_O4,W_resource_conservative,unavailable,0.774033,unavailable,unavailable,unavailable,unavailable,No matching reference/context WTA-domain report was found.
swta,MultiSWTA3_Type0_NT200_NS12_NC6_NV12_NW6_O4,W_timeliness,unavailable,0.774033,unavailable,unavailable,unavailable,unavailable,No matching reference/context WTA-domain report was found.
swta,MultiSWTA3_Type0_NT200_NS15_NC12_NV15_NW12_O2,W_balanced,unavailable,0.643405,unavailable,unavailable,unavailable,unavailable,No matching reference/context WTA-domain report was found.
swta,MultiSWTA3_Type0_NT200_NS15_NC12_NV15_NW12_O2,W_effectiveness,unavailable,0.410559,unavailable,unavailable,unavailable,unavailable,No matching reference/context WTA-domain report was found.
swta,MultiSWTA3_Type0_NT200_NS15_NC12_NV15_NW12_O2,W_high_value_protection,unavailable,0.519655,unavailable,unavailable,unavailable,unavailable,No matching reference/context WTA-domain report was found.
swta,MultiSWTA3_Type0_NT200_NS15_NC12_NV15_NW12_O2,W_resource_conservative,unavailable,0.772474,unavailable,unavailable,unavailable,unavailable,No matching reference/context WTA-domain report was found.
swta,MultiSWTA3_Type0_NT200_NS15_NC12_NV15_NW12_O2,W_timeliness,unavailable,0.772474,unavailable,unavailable,unavailable,unavailable,No matching reference/context WTA-domain report was found.
swta,MultiSWTA3_Type0_NT200_NS15_NC12_NV15_NW12_O3,W_balanced,unavailable,0.643405,unavailable,unavailable,unavailable,unavailable,No matching reference/context WTA-domain report was found.
swta,MultiSWTA3_Type0_NT200_NS15_NC12_NV15_NW12_O3,W_effectiveness,unavailable,0.410559,unavailable,unavailable,unavailable,unavailable,No matching reference/context WTA-domain report was found.
swta,MultiSWTA3_Type0_NT200_NS15_NC12_NV15_NW12_O3,W_high_value_protection,unavailable,0.519655,unavailable,unavailable,unavailable,unavailable,No matching reference/context WTA-domain report was found.
swta,MultiSWTA3_Type0_NT200_NS15_NC12_NV15_NW12_O3,W_resource_conservative,unavailable,0.772474,unavailable,unavailable,unavailable,unavailable,No matching reference/context WTA-domain report was found.
swta,MultiSWTA3_Type0_NT200_NS15_NC12_NV15_NW12_O3,W_timeliness,unavailable,0.772474,unavailable,unavailable,unavailable,unavailable,No matching reference/context WTA-domain report was found.
swta,MultiSWTA3_Type0_NT200_NS15_NC12_NV15_NW12_O4,W_balanced,unavailable,0.643405,unavailable,unavailable,unavailable,unavailable,No matching reference/context WTA-domain report was found.
swta,MultiSWTA3_Type0_NT200_NS15_NC12_NV15_NW12_O4,W_effectiveness,unavailable,0.410559,unavailable,unavailable,unavailable,unavailable,No matching reference/context WTA-domain report was found.
swta,MultiSWTA3_Type0_NT200_NS15_NC12_NV15_NW12_O4,W_high_value_protection,unavailable,0.519655,unavailable,unavailable,unavailable,unavailable,No matching reference/context WTA-domain report was found.
swta,MultiSWTA3_Type0_NT200_NS15_NC12_NV15_NW12_O4,W_resource_conservative,unavailable,0.772474,unavailable,unavailable,unavailable,unavailable,No matching reference/context WTA-domain report was found.
swta,MultiSWTA3_Type0_NT200_NS15_NC12_NV15_NW12_O4,W_timeliness,unavailable,0.772474,unavailable,unavailable,unavailable,unavailable,No matching reference/context WTA-domain report was found.
swta,MultiSWTA3_Type0_NT50_NS5_NC2_NV5_NW2_O2,W_balanced,unavailable,0.691748,unavailable,unavailable,unavailable,unavailable,No matching reference/context WTA-domain report was found.
swta,MultiSWTA3_Type0_NT50_NS5_NC2_NV5_NW2_O2,W_effectiveness,unavailable,0.473496,unavailable,unavailable,unavailable,unavailable,No matching reference/context WTA-domain report was found.
swta,MultiSWTA3_Type0_NT50_NS5_NC2_NV5_NW2_O2,W_high_value_protection,unavailable,0.601748,unavailable,unavailable,unavailable,unavailable,No matching reference/context WTA-domain report was found.
swta,MultiSWTA3_Type0_NT50_NS5_NC2_NV5_NW2_O2,W_resource_conservative,unavailable,0.795398,unavailable,unavailable,unavailable,unavailable,No matching reference/context WTA-domain report was found.
swta,MultiSWTA3_Type0_NT50_NS5_NC2_NV5_NW2_O2,W_timeliness,unavailable,0.795398,unavailable,unavailable,unavailable,unavailable,No matching reference/context WTA-domain report was found.
swta,MultiSWTA3_Type0_NT50_NS5_NC2_NV5_NW2_O3,W_balanced,unavailable,0.691748,unavailable,unavailable,unavailable,unavailable,No matching reference/context WTA-domain report was found.
swta,MultiSWTA3_Type0_NT50_NS5_NC2_NV5_NW2_O3,W_effectiveness,unavailable,0.473496,unavailable,unavailable,unavailable,unavailable,No matching reference/context WTA-domain report was found.
swta,MultiSWTA3_Type0_NT50_NS5_NC2_NV5_NW2_O3,W_high_value_protection,unavailable,0.601748,unavailable,unavailable,unavailable,unavailable,No matching reference/context WTA-domain report was found.
swta,MultiSWTA3_Type0_NT50_NS5_NC2_NV5_NW2_O3,W_resource_conservative,unavailable,0.795398,unavailable,unavailable,unavailable,unavailable,No matching reference/context WTA-domain report was found.
swta,MultiSWTA3_Type0_NT50_NS5_NC2_NV5_NW2_O3,W_timeliness,unavailable,0.795398,unavailable,unavailable,unavailable,unavailable,No matching reference/context WTA-domain report was found.
swta,MultiSWTA3_Type0_NT50_NS5_NC2_NV5_NW2_O4,W_balanced,unavailable,0.691748,unavailable,unavailable,unavailable,unavailable,No matching reference/context WTA-domain report was found.
swta,MultiSWTA3_Type0_NT50_NS5_NC2_NV5_NW2_O4,W_effectiveness,unavailable,0.473496,unavailable,unavailable,unavailable,unavailable,No matching reference/context WTA-domain report was found.
swta,MultiSWTA3_Type0_NT50_NS5_NC2_NV5_NW2_O4,W_high_value_protection,unavailable,0.601748,unavailable,unavailable,unavailable,unavailable,No matching reference/context WTA-domain report was found.
swta,MultiSWTA3_Type0_NT50_NS5_NC2_NV5_NW2_O4,W_resource_conservative,unavailable,0.795398,unavailable,unavailable,unavailable,unavailable,No matching reference/context WTA-domain report was found.
swta,MultiSWTA3_Type0_NT50_NS5_NC2_NV5_NW2_O4,W_timeliness,unavailable,0.795398,unavailable,unavailable,unavailable,unavailable,No matching reference/context WTA-domain report was found.
swta,MultiSWTA3_Type0_NT50_NS8_NC6_NV8_NW6_O2,W_balanced,unavailable,0.66576,unavailable,unavailable,unavailable,unavailable,No matching reference/context WTA-domain report was found.
swta,MultiSWTA3_Type0_NT50_NS8_NC6_NV8_NW6_O2,W_effectiveness,unavailable,0.451519,unavailable,unavailable,unavailable,unavailable,No matching reference/context WTA-domain report was found.
swta,MultiSWTA3_Type0_NT50_NS8_NC6_NV8_NW6_O2,W_high_value_protection,unavailable,0.54576,unavailable,unavailable,unavailable,unavailable,No matching reference/context WTA-domain report was found.
swta,MultiSWTA3_Type0_NT50_NS8_NC6_NV8_NW6_O2,W_resource_conservative,unavailable,0.788608,unavailable,unavailable,unavailable,unavailable,No matching reference/context WTA-domain report was found.
swta,MultiSWTA3_Type0_NT50_NS8_NC6_NV8_NW6_O2,W_timeliness,unavailable,0.788608,unavailable,unavailable,unavailable,unavailable,No matching reference/context WTA-domain report was found.
swta,MultiSWTA3_Type0_NT50_NS8_NC6_NV8_NW6_O3,W_balanced,unavailable,0.66576,unavailable,unavailable,unavailable,unavailable,No matching reference/context WTA-domain report was found.
swta,MultiSWTA3_Type0_NT50_NS8_NC6_NV8_NW6_O3,W_effectiveness,unavailable,0.451519,unavailable,unavailable,unavailable,unavailable,No matching reference/context WTA-domain report was found.
swta,MultiSWTA3_Type0_NT50_NS8_NC6_NV8_NW6_O3,W_high_value_protection,unavailable,0.54576,unavailable,unavailable,unavailable,unavailable,No matching reference/context WTA-domain report was found.
swta,MultiSWTA3_Type0_NT50_NS8_NC6_NV8_NW6_O3,W_resource_conservative,unavailable,0.788608,unavailable,unavailable,unavailable,unavailable,No matching reference/context WTA-domain report was found.
swta,MultiSWTA3_Type0_NT50_NS8_NC6_NV8_NW6_O3,W_timeliness,unavailable,0.788608,unavailable,unavailable,unavailable,unavailable,No matching reference/context WTA-domain report was found.
swta,MultiSWTA3_Type0_NT50_NS8_NC6_NV8_NW6_O4,W_balanced,unavailable,0.66576,unavailable,unavailable,unavailable,unavailable,No matching reference/context WTA-domain report was found.
swta,MultiSWTA3_Type0_NT50_NS8_NC6_NV8_NW6_O4,W_effectiveness,unavailable,0.451519,unavailable,unavailable,unavailable,unavailable,No matching reference/context WTA-domain report was found.
swta,MultiSWTA3_Type0_NT50_NS8_NC6_NV8_NW6_O4,W_high_value_protection,unavailable,0.54576,unavailable,unavailable,unavailable,unavailable,No matching reference/context WTA-domain report was found.
swta,MultiSWTA3_Type0_NT50_NS8_NC6_NV8_NW6_O4,W_resource_conservative,unavailable,0.788608,unavailable,unavailable,unavailable,unavailable,No matching reference/context WTA-domain report was found.
swta,MultiSWTA3_Type0_NT50_NS8_NC6_NV8_NW6_O4,W_timeliness,unavailable,0.788608,unavailable,unavailable,unavailable,unavailable,No matching reference/context WTA-domain report was found.
swta,MultiSWTA3_Type1_NT100_NS10_NC9_NV10_NW9_O2,W_balanced,unavailable,0.688248,unavailable,unavailable,unavailable,unavailable,No matching reference/context WTA-domain report was found.
swta,MultiSWTA3_Type1_NT100_NS10_NC9_NV10_NW9_O2,W_effectiveness,unavailable,0.473996,unavailable,unavailable,unavailable,unavailable,No matching reference/context WTA-domain report was found.
swta,MultiSWTA3_Type1_NT100_NS10_NC9_NV10_NW9_O2,W_high_value_protection,unavailable,0.590748,unavailable,unavailable,unavailable,unavailable,No matching reference/context WTA-domain report was found.
swta,MultiSWTA3_Type1_NT100_NS10_NC9_NV10_NW9_O2,W_resource_conservative,unavailable,0.796099,unavailable,unavailable,unavailable,unavailable,No matching reference/context WTA-domain report was found.
swta,MultiSWTA3_Type1_NT100_NS10_NC9_NV10_NW9_O2,W_timeliness,unavailable,0.796099,unavailable,unavailable,unavailable,unavailable,No matching reference/context WTA-domain report was found.
swta,MultiSWTA3_Type1_NT100_NS10_NC9_NV10_NW9_O3,W_balanced,unavailable,0.688248,unavailable,unavailable,unavailable,unavailable,No matching reference/context WTA-domain report was found.
swta,MultiSWTA3_Type1_NT100_NS10_NC9_NV10_NW9_O3,W_effectiveness,unavailable,0.473996,unavailable,unavailable,unavailable,unavailable,No matching reference/context WTA-domain report was found.
swta,MultiSWTA3_Type1_NT100_NS10_NC9_NV10_NW9_O3,W_high_value_protection,unavailable,0.590748,unavailable,unavailable,unavailable,unavailable,No matching reference/context WTA-domain report was found.
swta,MultiSWTA3_Type1_NT100_NS10_NC9_NV10_NW9_O3,W_resource_conservative,unavailable,0.796099,unavailable,unavailable,unavailable,unavailable,No matching reference/context WTA-domain report was found.
swta,MultiSWTA3_Type1_NT100_NS10_NC9_NV10_NW9_O3,W_timeliness,unavailable,0.796099,unavailable,unavailable,unavailable,unavailable,No matching reference/context WTA-domain report was found.
swta,MultiSWTA3_Type1_NT100_NS10_NC9_NV10_NW9_O4,W_balanced,unavailable,0.688248,unavailable,unavailable,unavailable,unavailable,No matching reference/context WTA-domain report was found.
swta,MultiSWTA3_Type1_NT100_NS10_NC9_NV10_NW9_O4,W_effectiveness,unavailable,0.473996,unavailable,unavailable,unavailable,unavailable,No matching reference/context WTA-domain report was found.
swta,MultiSWTA3_Type1_NT100_NS10_NC9_NV10_NW9_O4,W_high_value_protection,unavailable,0.590748,unavailable,unavailable,unavailable,unavailable,No matching reference/context WTA-domain report was found.
swta,MultiSWTA3_Type1_NT100_NS10_NC9_NV10_NW9_O4,W_resource_conservative,unavailable,0.796099,unavailable,unavailable,unavailable,unavailable,No matching reference/context WTA-domain report was found.
swta,MultiSWTA3_Type1_NT100_NS10_NC9_NV10_NW9_O4,W_timeliness,unavailable,0.796099,unavailable,unavailable,unavailable,unavailable,No matching reference/context WTA-domain report was found.
swta,MultiSWTA3_Type1_NT100_NS6_NC6_NV6_NW6_O2,W_balanced,unavailable,0.645562,unavailable,unavailable,unavailable,unavailable,No matching reference/context WTA-domain report was found.
swta,MultiSWTA3_Type1_NT100_NS6_NC6_NV6_NW6_O2,W_effectiveness,unavailable,0.411124,unavailable,unavailable,unavailable,unavailable,No matching reference/context WTA-domain report was found.
swta,MultiSWTA3_Type1_NT100_NS6_NC6_NV6_NW6_O2,W_high_value_protection,unavailable,0.525562,unavailable,unavailable,unavailable,unavailable,No matching reference/context WTA-domain report was found.
swta,MultiSWTA3_Type1_NT100_NS6_NC6_NV6_NW6_O2,W_resource_conservative,unavailable,0.77245,unavailable,unavailable,unavailable,unavailable,No matching reference/context WTA-domain report was found.
swta,MultiSWTA3_Type1_NT100_NS6_NC6_NV6_NW6_O2,W_timeliness,unavailable,0.77245,unavailable,unavailable,unavailable,unavailable,No matching reference/context WTA-domain report was found.
swta,MultiSWTA3_Type1_NT100_NS6_NC6_NV6_NW6_O3,W_balanced,unavailable,0.645562,unavailable,unavailable,unavailable,unavailable,No matching reference/context WTA-domain report was found.
swta,MultiSWTA3_Type1_NT100_NS6_NC6_NV6_NW6_O3,W_effectiveness,unavailable,0.411124,unavailable,unavailable,unavailable,unavailable,No matching reference/context WTA-domain report was found.
swta,MultiSWTA3_Type1_NT100_NS6_NC6_NV6_NW6_O3,W_high_value_protection,unavailable,0.525562,unavailable,unavailable,unavailable,unavailable,No matching reference/context WTA-domain report was found.
swta,MultiSWTA3_Type1_NT100_NS6_NC6_NV6_NW6_O3,W_resource_conservative,unavailable,0.77245,unavailable,unavailable,unavailable,unavailable,No matching reference/context WTA-domain report was found.
swta,MultiSWTA3_Type1_NT100_NS6_NC6_NV6_NW6_O3,W_timeliness,unavailable,0.77245,unavailable,unavailable,unavailable,unavailable,No matching reference/context WTA-domain report was found.
swta,MultiSWTA3_Type1_NT100_NS6_NC6_NV6_NW6_O4,W_balanced,unavailable,0.645562,unavailable,unavailable,unavailable,unavailable,No matching reference/context WTA-domain report was found.
swta,MultiSWTA3_Type1_NT100_NS6_NC6_NV6_NW6_O4,W_effectiveness,unavailable,0.411124,unavailable,unavailable,unavailable,unavailable,No matching reference/context WTA-domain report was found.
swta,MultiSWTA3_Type1_NT100_NS6_NC6_NV6_NW6_O4,W_high_value_protection,unavailable,0.525562,unavailable,unavailable,unavailable,unavailable,No matching reference/context WTA-domain report was found.
swta,MultiSWTA3_Type1_NT100_NS6_NC6_NV6_NW6_O4,W_resource_conservative,unavailable,0.77245,unavailable,unavailable,unavailable,unavailable,No matching reference/context WTA-domain report was found.
swta,MultiSWTA3_Type1_NT100_NS6_NC6_NV6_NW6_O4,W_timeliness,unavailable,0.77245,unavailable,unavailable,unavailable,unavailable,No matching reference/context WTA-domain report was found.
swta,MultiSWTA3_Type1_NT200_NS12_NC6_NV12_NW6_O2,W_balanced,unavailable,0.659497,unavailable,unavailable,unavailable,unavailable,No matching reference/context WTA-domain report was found.
swta,MultiSWTA3_Type1_NT200_NS12_NC6_NV12_NW6_O2,W_effectiveness,unavailable,0.431494,unavailable,unavailable,unavailable,unavailable,No matching reference/context WTA-domain report was found.
swta,MultiSWTA3_Type1_NT200_NS12_NC6_NV12_NW6_O2,W_high_value_protection,unavailable,0.546997,unavailable,unavailable,unavailable,unavailable,No matching reference/context WTA-domain report was found.
swta,MultiSWTA3_Type1_NT200_NS12_NC6_NV12_NW6_O2,W_resource_conservative,unavailable,0.780098,unavailable,unavailable,unavailable,unavailable,No matching reference/context WTA-domain report was found.
swta,MultiSWTA3_Type1_NT200_NS12_NC6_NV12_NW6_O2,W_timeliness,unavailable,0.780098,unavailable,unavailable,unavailable,unavailable,No matching reference/context WTA-domain report was found.
swta,MultiSWTA3_Type1_NT200_NS12_NC6_NV12_NW6_O3,W_balanced,unavailable,0.659497,unavailable,unavailable,unavailable,unavailable,No matching reference/context WTA-domain report was found.
swta,MultiSWTA3_Type1_NT200_NS12_NC6_NV12_NW6_O3,W_effectiveness,unavailable,0.431494,unavailable,unavailable,unavailable,unavailable,No matching reference/context WTA-domain report was found.
swta,MultiSWTA3_Type1_NT200_NS12_NC6_NV12_NW6_O3,W_high_value_protection,unavailable,0.546997,unavailable,unavailable,unavailable,unavailable,No matching reference/context WTA-domain report was found.
swta,MultiSWTA3_Type1_NT200_NS12_NC6_NV12_NW6_O3,W_resource_conservative,unavailable,0.780098,unavailable,unavailable,unavailable,unavailable,No matching reference/context WTA-domain report was found.
swta,MultiSWTA3_Type1_NT200_NS12_NC6_NV12_NW6_O3,W_timeliness,unavailable,0.780098,unavailable,unavailable,unavailable,unavailable,No matching reference/context WTA-domain report was found.
swta,MultiSWTA3_Type1_NT200_NS12_NC6_NV12_NW6_O4,W_balanced,unavailable,0.659497,unavailable,unavailable,unavailable,unavailable,No matching reference/context WTA-domain report was found.
swta,MultiSWTA3_Type1_NT200_NS12_NC6_NV12_NW6_O4,W_effectiveness,unavailable,0.431494,unavailable,unavailable,unavailable,unavailable,No matching reference/context WTA-domain report was found.
swta,MultiSWTA3_Type1_NT200_NS12_NC6_NV12_NW6_O4,W_high_value_protection,unavailable,0.546997,unavailable,unavailable,unavailable,unavailable,No matching reference/context WTA-domain report was found.
swta,MultiSWTA3_Type1_NT200_NS12_NC6_NV12_NW6_O4,W_resource_conservative,unavailable,0.780098,unavailable,unavailable,unavailable,unavailable,No matching reference/context WTA-domain report was found.
swta,MultiSWTA3_Type1_NT200_NS12_NC6_NV12_NW6_O4,W_timeliness,unavailable,0.780098,unavailable,unavailable,unavailable,unavailable,No matching reference/context WTA-domain report was found.
swta,MultiSWTA3_Type1_NT200_NS15_NC12_NV15_NW12_O2,W_balanced,unavailable,0.672169,unavailable,unavailable,unavailable,unavailable,No matching reference/context WTA-domain report was found.
swta,MultiSWTA3_Type1_NT200_NS15_NC12_NV15_NW12_O2,W_effectiveness,unavailable,0.449338,unavailable,unavailable,unavailable,unavailable,No matching reference/context WTA-domain report was found.
swta,MultiSWTA3_Type1_NT200_NS15_NC12_NV15_NW12_O2,W_high_value_protection,unavailable,0.567169,unavailable,unavailable,unavailable,unavailable,No matching reference/context WTA-domain report was found.
swta,MultiSWTA3_Type1_NT200_NS15_NC12_NV15_NW12_O2,W_resource_conservative,unavailable,0.786735,unavailable,unavailable,unavailable,unavailable,No matching reference/context WTA-domain report was found.
swta,MultiSWTA3_Type1_NT200_NS15_NC12_NV15_NW12_O2,W_timeliness,unavailable,0.786735,unavailable,unavailable,unavailable,unavailable,No matching reference/context WTA-domain report was found.
swta,MultiSWTA3_Type1_NT200_NS15_NC12_NV15_NW12_O3,W_balanced,unavailable,0.672169,unavailable,unavailable,unavailable,unavailable,No matching reference/context WTA-domain report was found.
swta,MultiSWTA3_Type1_NT200_NS15_NC12_NV15_NW12_O3,W_effectiveness,unavailable,0.449338,unavailable,unavailable,unavailable,unavailable,No matching reference/context WTA-domain report was found.
swta,MultiSWTA3_Type1_NT200_NS15_NC12_NV15_NW12_O3,W_high_value_protection,unavailable,0.567169,unavailable,unavailable,unavailable,unavailable,No matching reference/context WTA-domain report was found.
swta,MultiSWTA3_Type1_NT200_NS15_NC12_NV15_NW12_O3,W_resource_conservative,unavailable,0.786735,unavailable,unavailable,unavailable,unavailable,No matching reference/context WTA-domain report was found.
swta,MultiSWTA3_Type1_NT200_NS15_NC12_NV15_NW12_O3,W_timeliness,unavailable,0.786735,unavailable,unavailable,unavailable,unavailable,No matching reference/context WTA-domain report was found.
swta,MultiSWTA3_Type1_NT200_NS15_NC12_NV15_NW12_O4,W_balanced,unavailable,0.672169,unavailable,unavailable,unavailable,unavailable,No matching reference/context WTA-domain report was found.
swta,MultiSWTA3_Type1_NT200_NS15_NC12_NV15_NW12_O4,W_effectiveness,unavailable,0.449338,unavailable,unavailable,unavailable,unavailable,No matching reference/context WTA-domain report was found.
swta,MultiSWTA3_Type1_NT200_NS15_NC12_NV15_NW12_O4,W_high_value_protection,unavailable,0.567169,unavailable,unavailable,unavailable,unavailable,No matching reference/context WTA-domain report was found.
swta,MultiSWTA3_Type1_NT200_NS15_NC12_NV15_NW12_O4,W_resource_conservative,unavailable,0.786735,unavailable,unavailable,unavailable,unavailable,No matching reference/context WTA-domain report was found.
swta,MultiSWTA3_Type1_NT200_NS15_NC12_NV15_NW12_O4,W_timeliness,unavailable,0.786735,unavailable,unavailable,unavailable,unavailable,No matching reference/context WTA-domain report was found.
swta,MultiSWTA3_Type1_NT50_NS5_NC2_NV5_NW2_O2,W_balanced,unavailable,0.69882,unavailable,unavailable,unavailable,unavailable,No matching reference/context WTA-domain report was found.
swta,MultiSWTA3_Type1_NT50_NS5_NC2_NV5_NW2_O2,W_effectiveness,unavailable,0.487639,unavailable,unavailable,unavailable,unavailable,No matching reference/context WTA-domain report was found.
swta,MultiSWTA3_Type1_NT50_NS5_NC2_NV5_NW2_O2,W_high_value_protection,unavailable,0.60882,unavailable,unavailable,unavailable,unavailable,No matching reference/context WTA-domain report was found.
swta,MultiSWTA3_Type1_NT50_NS5_NC2_NV5_NW2_O2,W_resource_conservative,unavailable,0.801056,unavailable,unavailable,unavailable,unavailable,No matching reference/context WTA-domain report was found.
swta,MultiSWTA3_Type1_NT50_NS5_NC2_NV5_NW2_O2,W_timeliness,unavailable,0.801056,unavailable,unavailable,unavailable,unavailable,No matching reference/context WTA-domain report was found.
swta,MultiSWTA3_Type1_NT50_NS5_NC2_NV5_NW2_O3,W_balanced,unavailable,0.69882,unavailable,unavailable,unavailable,unavailable,No matching reference/context WTA-domain report was found.
swta,MultiSWTA3_Type1_NT50_NS5_NC2_NV5_NW2_O3,W_effectiveness,unavailable,0.487639,unavailable,unavailable,unavailable,unavailable,No matching reference/context WTA-domain report was found.
swta,MultiSWTA3_Type1_NT50_NS5_NC2_NV5_NW2_O3,W_high_value_protection,unavailable,0.60882,unavailable,unavailable,unavailable,unavailable,No matching reference/context WTA-domain report was found.
swta,MultiSWTA3_Type1_NT50_NS5_NC2_NV5_NW2_O3,W_resource_conservative,unavailable,0.801056,unavailable,unavailable,unavailable,unavailable,No matching reference/context WTA-domain report was found.
swta,MultiSWTA3_Type1_NT50_NS5_NC2_NV5_NW2_O3,W_timeliness,unavailable,0.801056,unavailable,unavailable,unavailable,unavailable,No matching reference/context WTA-domain report was found.
swta,MultiSWTA3_Type1_NT50_NS5_NC2_NV5_NW2_O4,W_balanced,unavailable,0.69882,unavailable,unavailable,unavailable,unavailable,No matching reference/context WTA-domain report was found.
swta,MultiSWTA3_Type1_NT50_NS5_NC2_NV5_NW2_O4,W_effectiveness,unavailable,0.487639,unavailable,unavailable,unavailable,unavailable,No matching reference/context WTA-domain report was found.
swta,MultiSWTA3_Type1_NT50_NS5_NC2_NV5_NW2_O4,W_high_value_protection,unavailable,0.60882,unavailable,unavailable,unavailable,unavailable,No matching reference/context WTA-domain report was found.
swta,MultiSWTA3_Type1_NT50_NS5_NC2_NV5_NW2_O4,W_resource_conservative,unavailable,0.801056,unavailable,unavailable,unavailable,unavailable,No matching reference/context WTA-domain report was found.
swta,MultiSWTA3_Type1_NT50_NS5_NC2_NV5_NW2_O4,W_timeliness,unavailable,0.801056,unavailable,unavailable,unavailable,unavailable,No matching reference/context WTA-domain report was found.
swta,MultiSWTA3_Type1_NT50_NS8_NC6_NV8_NW6_O2,W_balanced,unavailable,0.737982,unavailable,unavailable,unavailable,unavailable,No matching reference/context WTA-domain report was found.
swta,MultiSWTA3_Type1_NT50_NS8_NC6_NV8_NW6_O2,W_effectiveness,unavailable,0.535964,unavailable,unavailable,unavailable,unavailable,No matching reference/context WTA-domain report was found.
swta,MultiSWTA3_Type1_NT50_NS8_NC6_NV8_NW6_O2,W_high_value_protection,unavailable,0.677982,unavailable,unavailable,unavailable,unavailable,No matching reference/context WTA-domain report was found.
swta,MultiSWTA3_Type1_NT50_NS8_NC6_NV8_NW6_O2,W_resource_conservative,unavailable,0.818385,unavailable,unavailable,unavailable,unavailable,No matching reference/context WTA-domain report was found.
swta,MultiSWTA3_Type1_NT50_NS8_NC6_NV8_NW6_O2,W_timeliness,unavailable,0.818385,unavailable,unavailable,unavailable,unavailable,No matching reference/context WTA-domain report was found.
swta,MultiSWTA3_Type1_NT50_NS8_NC6_NV8_NW6_O3,W_balanced,unavailable,0.737982,unavailable,unavailable,unavailable,unavailable,No matching reference/context WTA-domain report was found.
swta,MultiSWTA3_Type1_NT50_NS8_NC6_NV8_NW6_O3,W_effectiveness,unavailable,0.535964,unavailable,unavailable,unavailable,unavailable,No matching reference/context WTA-domain report was found.
swta,MultiSWTA3_Type1_NT50_NS8_NC6_NV8_NW6_O3,W_high_value_protection,unavailable,0.677982,unavailable,unavailable,unavailable,unavailable,No matching reference/context WTA-domain report was found.
swta,MultiSWTA3_Type1_NT50_NS8_NC6_NV8_NW6_O3,W_resource_conservative,unavailable,0.818385,unavailable,unavailable,unavailable,unavailable,No matching reference/context WTA-domain report was found.
swta,MultiSWTA3_Type1_NT50_NS8_NC6_NV8_NW6_O3,W_timeliness,unavailable,0.818385,unavailable,unavailable,unavailable,unavailable,No matching reference/context WTA-domain report was found.
swta,MultiSWTA3_Type1_NT50_NS8_NC6_NV8_NW6_O4,W_balanced,unavailable,0.737982,unavailable,unavailable,unavailable,unavailable,No matching reference/context WTA-domain report was found.
swta,MultiSWTA3_Type1_NT50_NS8_NC6_NV8_NW6_O4,W_effectiveness,unavailable,0.535964,unavailable,unavailable,unavailable,unavailable,No matching reference/context WTA-domain report was found.
swta,MultiSWTA3_Type1_NT50_NS8_NC6_NV8_NW6_O4,W_high_value_protection,unavailable,0.677982,unavailable,unavailable,unavailable,unavailable,No matching reference/context WTA-domain report was found.
swta,MultiSWTA3_Type1_NT50_NS8_NC6_NV8_NW6_O4,W_resource_conservative,unavailable,0.818385,unavailable,unavailable,unavailable,unavailable,No matching reference/context WTA-domain report was found.
swta,MultiSWTA3_Type1_NT50_NS8_NC6_NV8_NW6_O4,W_timeliness,unavailable,0.818385,unavailable,unavailable,unavailable,unavailable,No matching reference/context WTA-domain report was found.
swta,MultiSWTA4_Type0_NT100_NS10_NC9_NV10_NW9_O2,W_balanced,unavailable,0.693688,unavailable,unavailable,unavailable,unavailable,No matching reference/context WTA-domain report was found.
swta,MultiSWTA4_Type0_NT100_NS10_NC9_NV10_NW9_O2,W_effectiveness,unavailable,0.477376,unavailable,unavailable,unavailable,unavailable,No matching reference/context WTA-domain report was found.
swta,MultiSWTA4_Type0_NT100_NS10_NC9_NV10_NW9_O2,W_high_value_protection,unavailable,0.603688,unavailable,unavailable,unavailable,unavailable,No matching reference/context WTA-domain report was found.
swta,MultiSWTA4_Type0_NT100_NS10_NC9_NV10_NW9_O2,W_resource_conservative,unavailable,0.796951,unavailable,unavailable,unavailable,unavailable,No matching reference/context WTA-domain report was found.
swta,MultiSWTA4_Type0_NT100_NS10_NC9_NV10_NW9_O2,W_timeliness,unavailable,0.796951,unavailable,unavailable,unavailable,unavailable,No matching reference/context WTA-domain report was found.
swta,MultiSWTA4_Type0_NT100_NS10_NC9_NV10_NW9_O3,W_balanced,unavailable,0.693688,unavailable,unavailable,unavailable,unavailable,No matching reference/context WTA-domain report was found.
swta,MultiSWTA4_Type0_NT100_NS10_NC9_NV10_NW9_O3,W_effectiveness,unavailable,0.477376,unavailable,unavailable,unavailable,unavailable,No matching reference/context WTA-domain report was found.
swta,MultiSWTA4_Type0_NT100_NS10_NC9_NV10_NW9_O3,W_high_value_protection,unavailable,0.603688,unavailable,unavailable,unavailable,unavailable,No matching reference/context WTA-domain report was found.
swta,MultiSWTA4_Type0_NT100_NS10_NC9_NV10_NW9_O3,W_resource_conservative,unavailable,0.796951,unavailable,unavailable,unavailable,unavailable,No matching reference/context WTA-domain report was found.
swta,MultiSWTA4_Type0_NT100_NS10_NC9_NV10_NW9_O3,W_timeliness,unavailable,0.796951,unavailable,unavailable,unavailable,unavailable,No matching reference/context WTA-domain report was found.
swta,MultiSWTA4_Type0_NT100_NS10_NC9_NV10_NW9_O4,W_balanced,unavailable,0.693688,unavailable,unavailable,unavailable,unavailable,No matching reference/context WTA-domain report was found.
swta,MultiSWTA4_Type0_NT100_NS10_NC9_NV10_NW9_O4,W_effectiveness,unavailable,0.477376,unavailable,unavailable,unavailable,unavailable,No matching reference/context WTA-domain report was found.
swta,MultiSWTA4_Type0_NT100_NS10_NC9_NV10_NW9_O4,W_high_value_protection,unavailable,0.603688,unavailable,unavailable,unavailable,unavailable,No matching reference/context WTA-domain report was found.
swta,MultiSWTA4_Type0_NT100_NS10_NC9_NV10_NW9_O4,W_resource_conservative,unavailable,0.796951,unavailable,unavailable,unavailable,unavailable,No matching reference/context WTA-domain report was found.
swta,MultiSWTA4_Type0_NT100_NS10_NC9_NV10_NW9_O4,W_timeliness,unavailable,0.796951,unavailable,unavailable,unavailable,unavailable,No matching reference/context WTA-domain report was found.
swta,MultiSWTA4_Type0_NT100_NS6_NC6_NV6_NW6_O2,W_balanced,unavailable,0.648783,unavailable,unavailable,unavailable,unavailable,No matching reference/context WTA-domain report was found.
swta,MultiSWTA4_Type0_NT100_NS6_NC6_NV6_NW6_O2,W_effectiveness,unavailable,0.417565,unavailable,unavailable,unavailable,unavailable,No matching reference/context WTA-domain report was found.
swta,MultiSWTA4_Type0_NT100_NS6_NC6_NV6_NW6_O2,W_high_value_protection,unavailable,0.528783,unavailable,unavailable,unavailable,unavailable,No matching reference/context WTA-domain report was found.
swta,MultiSWTA4_Type0_NT100_NS6_NC6_NV6_NW6_O2,W_resource_conservative,unavailable,0.775026,unavailable,unavailable,unavailable,unavailable,No matching reference/context WTA-domain report was found.
swta,MultiSWTA4_Type0_NT100_NS6_NC6_NV6_NW6_O2,W_timeliness,unavailable,0.775026,unavailable,unavailable,unavailable,unavailable,No matching reference/context WTA-domain report was found.
swta,MultiSWTA4_Type0_NT100_NS6_NC6_NV6_NW6_O3,W_balanced,unavailable,0.648783,unavailable,unavailable,unavailable,unavailable,No matching reference/context WTA-domain report was found.
swta,MultiSWTA4_Type0_NT100_NS6_NC6_NV6_NW6_O3,W_effectiveness,unavailable,0.417565,unavailable,unavailable,unavailable,unavailable,No matching reference/context WTA-domain report was found.
swta,MultiSWTA4_Type0_NT100_NS6_NC6_NV6_NW6_O3,W_high_value_protection,unavailable,0.528783,unavailable,unavailable,unavailable,unavailable,No matching reference/context WTA-domain report was found.
swta,MultiSWTA4_Type0_NT100_NS6_NC6_NV6_NW6_O3,W_resource_conservative,unavailable,0.775026,unavailable,unavailable,unavailable,unavailable,No matching reference/context WTA-domain report was found.
swta,MultiSWTA4_Type0_NT100_NS6_NC6_NV6_NW6_O3,W_timeliness,unavailable,0.775026,unavailable,unavailable,unavailable,unavailable,No matching reference/context WTA-domain report was found.
swta,MultiSWTA4_Type0_NT100_NS6_NC6_NV6_NW6_O4,W_balanced,unavailable,0.648783,unavailable,unavailable,unavailable,unavailable,No matching reference/context WTA-domain report was found.
swta,MultiSWTA4_Type0_NT100_NS6_NC6_NV6_NW6_O4,W_effectiveness,unavailable,0.417565,unavailable,unavailable,unavailable,unavailable,No matching reference/context WTA-domain report was found.
swta,MultiSWTA4_Type0_NT100_NS6_NC6_NV6_NW6_O4,W_high_value_protection,unavailable,0.528783,unavailable,unavailable,unavailable,unavailable,No matching reference/context WTA-domain report was found.
swta,MultiSWTA4_Type0_NT100_NS6_NC6_NV6_NW6_O4,W_resource_conservative,unavailable,0.775026,unavailable,unavailable,unavailable,unavailable,No matching reference/context WTA-domain report was found.
swta,MultiSWTA4_Type0_NT100_NS6_NC6_NV6_NW6_O4,W_timeliness,unavailable,0.775026,unavailable,unavailable,unavailable,unavailable,No matching reference/context WTA-domain report was found.
swta,MultiSWTA4_Type0_NT200_NS12_NC6_NV12_NW6_O2,W_balanced,unavailable,0.662283,unavailable,unavailable,unavailable,unavailable,No matching reference/context WTA-domain report was found.
swta,MultiSWTA4_Type0_NT200_NS12_NC6_NV12_NW6_O2,W_effectiveness,unavailable,0.433316,unavailable,unavailable,unavailable,unavailable,No matching reference/context WTA-domain report was found.
swta,MultiSWTA4_Type0_NT200_NS12_NC6_NV12_NW6_O2,W_high_value_protection,unavailable,0.553533,unavailable,unavailable,unavailable,unavailable,No matching reference/context WTA-domain report was found.
swta,MultiSWTA4_Type0_NT200_NS12_NC6_NV12_NW6_O2,W_resource_conservative,unavailable,0.780576,unavailable,unavailable,unavailable,unavailable,No matching reference/context WTA-domain report was found.
swta,MultiSWTA4_Type0_NT200_NS12_NC6_NV12_NW6_O2,W_timeliness,unavailable,0.780576,unavailable,unavailable,unavailable,unavailable,No matching reference/context WTA-domain report was found.
swta,MultiSWTA4_Type0_NT200_NS12_NC6_NV12_NW6_O3,W_balanced,unavailable,0.662283,unavailable,unavailable,unavailable,unavailable,No matching reference/context WTA-domain report was found.
swta,MultiSWTA4_Type0_NT200_NS12_NC6_NV12_NW6_O3,W_effectiveness,unavailable,0.433316,unavailable,unavailable,unavailable,unavailable,No matching reference/context WTA-domain report was found.
swta,MultiSWTA4_Type0_NT200_NS12_NC6_NV12_NW6_O3,W_high_value_protection,unavailable,0.553533,unavailable,unavailable,unavailable,unavailable,No matching reference/context WTA-domain report was found.
swta,MultiSWTA4_Type0_NT200_NS12_NC6_NV12_NW6_O3,W_resource_conservative,unavailable,0.780576,unavailable,unavailable,unavailable,unavailable,No matching reference/context WTA-domain report was found.
swta,MultiSWTA4_Type0_NT200_NS12_NC6_NV12_NW6_O3,W_timeliness,unavailable,0.780576,unavailable,unavailable,unavailable,unavailable,No matching reference/context WTA-domain report was found.
swta,MultiSWTA4_Type0_NT200_NS12_NC6_NV12_NW6_O4,W_balanced,unavailable,0.662283,unavailable,unavailable,unavailable,unavailable,No matching reference/context WTA-domain report was found.
swta,MultiSWTA4_Type0_NT200_NS12_NC6_NV12_NW6_O4,W_effectiveness,unavailable,0.433316,unavailable,unavailable,unavailable,unavailable,No matching reference/context WTA-domain report was found.
swta,MultiSWTA4_Type0_NT200_NS12_NC6_NV12_NW6_O4,W_high_value_protection,unavailable,0.553533,unavailable,unavailable,unavailable,unavailable,No matching reference/context WTA-domain report was found.
swta,MultiSWTA4_Type0_NT200_NS12_NC6_NV12_NW6_O4,W_resource_conservative,unavailable,0.780576,unavailable,unavailable,unavailable,unavailable,No matching reference/context WTA-domain report was found.
swta,MultiSWTA4_Type0_NT200_NS12_NC6_NV12_NW6_O4,W_timeliness,unavailable,0.780576,unavailable,unavailable,unavailable,unavailable,No matching reference/context WTA-domain report was found.
swta,MultiSWTA4_Type0_NT200_NS15_NC12_NV15_NW12_O2,W_balanced,unavailable,0.671067,unavailable,unavailable,unavailable,unavailable,No matching reference/context WTA-domain report was found.
swta,MultiSWTA4_Type0_NT200_NS15_NC12_NV15_NW12_O2,W_effectiveness,unavailable,0.447134,unavailable,unavailable,unavailable,unavailable,No matching reference/context WTA-domain report was found.
swta,MultiSWTA4_Type0_NT200_NS15_NC12_NV15_NW12_O2,W_high_value_protection,unavailable,0.566067,unavailable,unavailable,unavailable,unavailable,No matching reference/context WTA-domain report was found.
swta,MultiSWTA4_Type0_NT200_NS15_NC12_NV15_NW12_O2,W_resource_conservative,unavailable,0.785854,unavailable,unavailable,unavailable,unavailable,No matching reference/context WTA-domain report was found.
swta,MultiSWTA4_Type0_NT200_NS15_NC12_NV15_NW12_O2,W_timeliness,unavailable,0.785854,unavailable,unavailable,unavailable,unavailable,No matching reference/context WTA-domain report was found.
swta,MultiSWTA4_Type0_NT200_NS15_NC12_NV15_NW12_O3,W_balanced,unavailable,0.671067,unavailable,unavailable,unavailable,unavailable,No matching reference/context WTA-domain report was found.
swta,MultiSWTA4_Type0_NT200_NS15_NC12_NV15_NW12_O3,W_effectiveness,unavailable,0.447134,unavailable,unavailable,unavailable,unavailable,No matching reference/context WTA-domain report was found.
swta,MultiSWTA4_Type0_NT200_NS15_NC12_NV15_NW12_O3,W_high_value_protection,unavailable,0.566067,unavailable,unavailable,unavailable,unavailable,No matching reference/context WTA-domain report was found.
swta,MultiSWTA4_Type0_NT200_NS15_NC12_NV15_NW12_O3,W_resource_conservative,unavailable,0.785854,unavailable,unavailable,unavailable,unavailable,No matching reference/context WTA-domain report was found.
swta,MultiSWTA4_Type0_NT200_NS15_NC12_NV15_NW12_O3,W_timeliness,unavailable,0.785854,unavailable,unavailable,unavailable,unavailable,No matching reference/context WTA-domain report was found.
swta,MultiSWTA4_Type0_NT200_NS15_NC12_NV15_NW12_O4,W_balanced,unavailable,0.671067,unavailable,unavailable,unavailable,unavailable,No matching reference/context WTA-domain report was found.
swta,MultiSWTA4_Type0_NT200_NS15_NC12_NV15_NW12_O4,W_effectiveness,unavailable,0.447134,unavailable,unavailable,unavailable,unavailable,No matching reference/context WTA-domain report was found.
swta,MultiSWTA4_Type0_NT200_NS15_NC12_NV15_NW12_O4,W_high_value_protection,unavailable,0.566067,unavailable,unavailable,unavailable,unavailable,No matching reference/context WTA-domain report was found.
swta,MultiSWTA4_Type0_NT200_NS15_NC12_NV15_NW12_O4,W_resource_conservative,unavailable,0.785854,unavailable,unavailable,unavailable,unavailable,No matching reference/context WTA-domain report was found.
swta,MultiSWTA4_Type0_NT200_NS15_NC12_NV15_NW12_O4,W_timeliness,unavailable,0.785854,unavailable,unavailable,unavailable,unavailable,No matching reference/context WTA-domain report was found.
swta,MultiSWTA4_Type0_NT50_NS5_NC2_NV5_NW2_O2,W_balanced,unavailable,0.709549,unavailable,unavailable,unavailable,unavailable,No matching reference/context WTA-domain report was found.
swta,MultiSWTA4_Type0_NT50_NS5_NC2_NV5_NW2_O2,W_effectiveness,unavailable,0.494098,unavailable,unavailable,unavailable,unavailable,No matching reference/context WTA-domain report was found.
swta,MultiSWTA4_Type0_NT50_NS5_NC2_NV5_NW2_O2,W_high_value_protection,unavailable,0.634549,unavailable,unavailable,unavailable,unavailable,No matching reference/context WTA-domain report was found.
swta,MultiSWTA4_Type0_NT50_NS5_NC2_NV5_NW2_O2,W_resource_conservative,unavailable,0.802639,unavailable,unavailable,unavailable,unavailable,No matching reference/context WTA-domain report was found.
swta,MultiSWTA4_Type0_NT50_NS5_NC2_NV5_NW2_O2,W_timeliness,unavailable,0.802639,unavailable,unavailable,unavailable,unavailable,No matching reference/context WTA-domain report was found.
swta,MultiSWTA4_Type0_NT50_NS5_NC2_NV5_NW2_O3,W_balanced,unavailable,0.709549,unavailable,unavailable,unavailable,unavailable,No matching reference/context WTA-domain report was found.
swta,MultiSWTA4_Type0_NT50_NS5_NC2_NV5_NW2_O3,W_effectiveness,unavailable,0.494098,unavailable,unavailable,unavailable,unavailable,No matching reference/context WTA-domain report was found.
swta,MultiSWTA4_Type0_NT50_NS5_NC2_NV5_NW2_O3,W_high_value_protection,unavailable,0.634549,unavailable,unavailable,unavailable,unavailable,No matching reference/context WTA-domain report was found.
swta,MultiSWTA4_Type0_NT50_NS5_NC2_NV5_NW2_O3,W_resource_conservative,unavailable,0.802639,unavailable,unavailable,unavailable,unavailable,No matching reference/context WTA-domain report was found.
swta,MultiSWTA4_Type0_NT50_NS5_NC2_NV5_NW2_O3,W_timeliness,unavailable,0.802639,unavailable,unavailable,unavailable,unavailable,No matching reference/context WTA-domain report was found.
swta,MultiSWTA4_Type0_NT50_NS5_NC2_NV5_NW2_O4,W_balanced,unavailable,0.709549,unavailable,unavailable,unavailable,unavailable,No matching reference/context WTA-domain report was found.
swta,MultiSWTA4_Type0_NT50_NS5_NC2_NV5_NW2_O4,W_effectiveness,unavailable,0.494098,unavailable,unavailable,unavailable,unavailable,No matching reference/context WTA-domain report was found.
swta,MultiSWTA4_Type0_NT50_NS5_NC2_NV5_NW2_O4,W_high_value_protection,unavailable,0.634549,unavailable,unavailable,unavailable,unavailable,No matching reference/context WTA-domain report was found.
swta,MultiSWTA4_Type0_NT50_NS5_NC2_NV5_NW2_O4,W_resource_conservative,unavailable,0.802639,unavailable,unavailable,unavailable,unavailable,No matching reference/context WTA-domain report was found.
swta,MultiSWTA4_Type0_NT50_NS5_NC2_NV5_NW2_O4,W_timeliness,unavailable,0.802639,unavailable,unavailable,unavailable,unavailable,No matching reference/context WTA-domain report was found.
swta,MultiSWTA4_Type0_NT50_NS8_NC6_NV8_NW6_O2,W_balanced,unavailable,0.710506,unavailable,unavailable,unavailable,unavailable,No matching reference/context WTA-domain report was found.
swta,MultiSWTA4_Type0_NT50_NS8_NC6_NV8_NW6_O2,W_effectiveness,unavailable,0.511012,unavailable,unavailable,unavailable,unavailable,No matching reference/context WTA-domain report was found.
swta,MultiSWTA4_Type0_NT50_NS8_NC6_NV8_NW6_O2,W_high_value_protection,unavailable,0.620506,unavailable,unavailable,unavailable,unavailable,No matching reference/context WTA-domain report was found.
swta,MultiSWTA4_Type0_NT50_NS8_NC6_NV8_NW6_O2,W_resource_conservative,unavailable,0.810405,unavailable,unavailable,unavailable,unavailable,No matching reference/context WTA-domain report was found.
swta,MultiSWTA4_Type0_NT50_NS8_NC6_NV8_NW6_O2,W_timeliness,unavailable,0.810405,unavailable,unavailable,unavailable,unavailable,No matching reference/context WTA-domain report was found.
swta,MultiSWTA4_Type0_NT50_NS8_NC6_NV8_NW6_O3,W_balanced,unavailable,0.710506,unavailable,unavailable,unavailable,unavailable,No matching reference/context WTA-domain report was found.
swta,MultiSWTA4_Type0_NT50_NS8_NC6_NV8_NW6_O3,W_effectiveness,unavailable,0.511012,unavailable,unavailable,unavailable,unavailable,No matching reference/context WTA-domain report was found.
swta,MultiSWTA4_Type0_NT50_NS8_NC6_NV8_NW6_O3,W_high_value_protection,unavailable,0.620506,unavailable,unavailable,unavailable,unavailable,No matching reference/context WTA-domain report was found.
swta,MultiSWTA4_Type0_NT50_NS8_NC6_NV8_NW6_O3,W_resource_conservative,unavailable,0.810405,unavailable,unavailable,unavailable,unavailable,No matching reference/context WTA-domain report was found.
swta,MultiSWTA4_Type0_NT50_NS8_NC6_NV8_NW6_O3,W_timeliness,unavailable,0.810405,unavailable,unavailable,unavailable,unavailable,No matching reference/context WTA-domain report was found.
swta,MultiSWTA4_Type0_NT50_NS8_NC6_NV8_NW6_O4,W_balanced,unavailable,0.710506,unavailable,unavailable,unavailable,unavailable,No matching reference/context WTA-domain report was found.
swta,MultiSWTA4_Type0_NT50_NS8_NC6_NV8_NW6_O4,W_effectiveness,unavailable,0.511012,unavailable,unavailable,unavailable,unavailable,No matching reference/context WTA-domain report was found.
swta,MultiSWTA4_Type0_NT50_NS8_NC6_NV8_NW6_O4,W_high_value_protection,unavailable,0.620506,unavailable,unavailable,unavailable,unavailable,No matching reference/context WTA-domain report was found.
swta,MultiSWTA4_Type0_NT50_NS8_NC6_NV8_NW6_O4,W_resource_conservative,unavailable,0.810405,unavailable,unavailable,unavailable,unavailable,No matching reference/context WTA-domain report was found.
swta,MultiSWTA4_Type0_NT50_NS8_NC6_NV8_NW6_O4,W_timeliness,unavailable,0.810405,unavailable,unavailable,unavailable,unavailable,No matching reference/context WTA-domain report was found.
swta,MultiSWTA4_Type1_NT100_NS10_NC9_NV10_NW9_O2,W_balanced,unavailable,0.672377,unavailable,unavailable,unavailable,unavailable,No matching reference/context WTA-domain report was found.
swta,MultiSWTA4_Type1_NT100_NS10_NC9_NV10_NW9_O2,W_effectiveness,unavailable,0.449755,unavailable,unavailable,unavailable,unavailable,No matching reference/context WTA-domain report was found.
swta,MultiSWTA4_Type1_NT100_NS10_NC9_NV10_NW9_O2,W_high_value_protection,unavailable,0.567377,unavailable,unavailable,unavailable,unavailable,No matching reference/context WTA-domain report was found.
swta,MultiSWTA4_Type1_NT100_NS10_NC9_NV10_NW9_O2,W_resource_conservative,unavailable,0.786902,unavailable,unavailable,unavailable,unavailable,No matching reference/context WTA-domain report was found.
swta,MultiSWTA4_Type1_NT100_NS10_NC9_NV10_NW9_O2,W_timeliness,unavailable,0.786902,unavailable,unavailable,unavailable,unavailable,No matching reference/context WTA-domain report was found.
swta,MultiSWTA4_Type1_NT100_NS10_NC9_NV10_NW9_O3,W_balanced,unavailable,0.672377,unavailable,unavailable,unavailable,unavailable,No matching reference/context WTA-domain report was found.
swta,MultiSWTA4_Type1_NT100_NS10_NC9_NV10_NW9_O3,W_effectiveness,unavailable,0.449755,unavailable,unavailable,unavailable,unavailable,No matching reference/context WTA-domain report was found.
swta,MultiSWTA4_Type1_NT100_NS10_NC9_NV10_NW9_O3,W_high_value_protection,unavailable,0.567377,unavailable,unavailable,unavailable,unavailable,No matching reference/context WTA-domain report was found.
swta,MultiSWTA4_Type1_NT100_NS10_NC9_NV10_NW9_O3,W_resource_conservative,unavailable,0.786902,unavailable,unavailable,unavailable,unavailable,No matching reference/context WTA-domain report was found.
swta,MultiSWTA4_Type1_NT100_NS10_NC9_NV10_NW9_O3,W_timeliness,unavailable,0.786902,unavailable,unavailable,unavailable,unavailable,No matching reference/context WTA-domain report was found.
swta,MultiSWTA4_Type1_NT100_NS10_NC9_NV10_NW9_O4,W_balanced,unavailable,0.672377,unavailable,unavailable,unavailable,unavailable,No matching reference/context WTA-domain report was found.
swta,MultiSWTA4_Type1_NT100_NS10_NC9_NV10_NW9_O4,W_effectiveness,unavailable,0.449755,unavailable,unavailable,unavailable,unavailable,No matching reference/context WTA-domain report was found.
swta,MultiSWTA4_Type1_NT100_NS10_NC9_NV10_NW9_O4,W_high_value_protection,unavailable,0.567377,unavailable,unavailable,unavailable,unavailable,No matching reference/context WTA-domain report was found.
swta,MultiSWTA4_Type1_NT100_NS10_NC9_NV10_NW9_O4,W_resource_conservative,unavailable,0.786902,unavailable,unavailable,unavailable,unavailable,No matching reference/context WTA-domain report was found.
swta,MultiSWTA4_Type1_NT100_NS10_NC9_NV10_NW9_O4,W_timeliness,unavailable,0.786902,unavailable,unavailable,unavailable,unavailable,No matching reference/context WTA-domain report was found.
swta,MultiSWTA4_Type1_NT100_NS6_NC6_NV6_NW6_O2,W_balanced,unavailable,0.636746,unavailable,unavailable,unavailable,unavailable,No matching reference/context WTA-domain report was found.
swta,MultiSWTA4_Type1_NT100_NS6_NC6_NV6_NW6_O2,W_effectiveness,unavailable,0.400993,unavailable,unavailable,unavailable,unavailable,No matching reference/context WTA-domain report was found.
swta,MultiSWTA4_Type1_NT100_NS6_NC6_NV6_NW6_O2,W_high_value_protection,unavailable,0.509246,unavailable,unavailable,unavailable,unavailable,No matching reference/context WTA-domain report was found.
swta,MultiSWTA4_Type1_NT100_NS6_NC6_NV6_NW6_O2,W_resource_conservative,unavailable,0.768897,unavailable,unavailable,unavailable,unavailable,No matching reference/context WTA-domain report was found.
swta,MultiSWTA4_Type1_NT100_NS6_NC6_NV6_NW6_O2,W_timeliness,unavailable,0.768897,unavailable,unavailable,unavailable,unavailable,No matching reference/context WTA-domain report was found.
swta,MultiSWTA4_Type1_NT100_NS6_NC6_NV6_NW6_O3,W_balanced,unavailable,unavailable,unavailable,unavailable,unavailable,not_applicable,Candidate has no solution-grounded WTA-domain preference score.
swta,MultiSWTA4_Type1_NT100_NS6_NC6_NV6_NW6_O3,W_effectiveness,unavailable,unavailable,unavailable,unavailable,unavailable,not_applicable,Candidate has no solution-grounded WTA-domain preference score.
swta,MultiSWTA4_Type1_NT100_NS6_NC6_NV6_NW6_O3,W_high_value_protection,unavailable,unavailable,unavailable,unavailable,unavailable,not_applicable,Candidate has no solution-grounded WTA-domain preference score.
swta,MultiSWTA4_Type1_NT100_NS6_NC6_NV6_NW6_O3,W_resource_conservative,unavailable,unavailable,unavailable,unavailable,unavailable,not_applicable,Candidate has no solution-grounded WTA-domain preference score.
swta,MultiSWTA4_Type1_NT100_NS6_NC6_NV6_NW6_O3,W_timeliness,unavailable,unavailable,unavailable,unavailable,unavailable,not_applicable,Candidate has no solution-grounded WTA-domain preference score.
swta,MultiSWTA4_Type1_NT100_NS6_NC6_NV6_NW6_O4,W_balanced,unavailable,0.636746,unavailable,unavailable,unavailable,unavailable,No matching reference/context WTA-domain report was found.
swta,MultiSWTA4_Type1_NT100_NS6_NC6_NV6_NW6_O4,W_effectiveness,unavailable,0.400993,unavailable,unavailable,unavailable,unavailable,No matching reference/context WTA-domain report was found.
swta,MultiSWTA4_Type1_NT100_NS6_NC6_NV6_NW6_O4,W_high_value_protection,unavailable,0.509246,unavailable,unavailable,unavailable,unavailable,No matching reference/context WTA-domain report was found.
swta,MultiSWTA4_Type1_NT100_NS6_NC6_NV6_NW6_O4,W_resource_conservative,unavailable,0.768897,unavailable,unavailable,unavailable,unavailable,No matching reference/context WTA-domain report was found.
swta,MultiSWTA4_Type1_NT100_NS6_NC6_NV6_NW6_O4,W_timeliness,unavailable,0.768897,unavailable,unavailable,unavailable,unavailable,No matching reference/context WTA-domain report was found.
swta,MultiSWTA4_Type1_NT200_NS12_NC6_NV12_NW6_O2,W_balanced,unavailable,0.657128,unavailable,unavailable,unavailable,unavailable,No matching reference/context WTA-domain report was found.
swta,MultiSWTA4_Type1_NT200_NS12_NC6_NV12_NW6_O2,W_effectiveness,unavailable,0.426756,unavailable,unavailable,unavailable,unavailable,No matching reference/context WTA-domain report was found.
swta,MultiSWTA4_Type1_NT200_NS12_NC6_NV12_NW6_O2,W_high_value_protection,unavailable,0.544628,unavailable,unavailable,unavailable,unavailable,No matching reference/context WTA-domain report was found.
swta,MultiSWTA4_Type1_NT200_NS12_NC6_NV12_NW6_O2,W_resource_conservative,unavailable,0.778202,unavailable,unavailable,unavailable,unavailable,No matching reference/context WTA-domain report was found.
swta,MultiSWTA4_Type1_NT200_NS12_NC6_NV12_NW6_O2,W_timeliness,unavailable,0.778202,unavailable,unavailable,unavailable,unavailable,No matching reference/context WTA-domain report was found.
swta,MultiSWTA4_Type1_NT200_NS12_NC6_NV12_NW6_O3,W_balanced,unavailable,0.657128,unavailable,unavailable,unavailable,unavailable,No matching reference/context WTA-domain report was found.
swta,MultiSWTA4_Type1_NT200_NS12_NC6_NV12_NW6_O3,W_effectiveness,unavailable,0.426756,unavailable,unavailable,unavailable,unavailable,No matching reference/context WTA-domain report was found.
swta,MultiSWTA4_Type1_NT200_NS12_NC6_NV12_NW6_O3,W_high_value_protection,unavailable,0.544628,unavailable,unavailable,unavailable,unavailable,No matching reference/context WTA-domain report was found.
swta,MultiSWTA4_Type1_NT200_NS12_NC6_NV12_NW6_O3,W_resource_conservative,unavailable,0.778202,unavailable,unavailable,unavailable,unavailable,No matching reference/context WTA-domain report was found.
swta,MultiSWTA4_Type1_NT200_NS12_NC6_NV12_NW6_O3,W_timeliness,unavailable,0.778202,unavailable,unavailable,unavailable,unavailable,No matching reference/context WTA-domain report was found.
swta,MultiSWTA4_Type1_NT200_NS12_NC6_NV12_NW6_O4,W_balanced,unavailable,0.657128,unavailable,unavailable,unavailable,unavailable,No matching reference/context WTA-domain report was found.
swta,MultiSWTA4_Type1_NT200_NS12_NC6_NV12_NW6_O4,W_effectiveness,unavailable,0.426756,unavailable,unavailable,unavailable,unavailable,No matching reference/context WTA-domain report was found.
swta,MultiSWTA4_Type1_NT200_NS12_NC6_NV12_NW6_O4,W_high_value_protection,unavailable,0.544628,unavailable,unavailable,unavailable,unavailable,No matching reference/context WTA-domain report was found.
swta,MultiSWTA4_Type1_NT200_NS12_NC6_NV12_NW6_O4,W_resource_conservative,unavailable,0.778202,unavailable,unavailable,unavailable,unavailable,No matching reference/context WTA-domain report was found.
swta,MultiSWTA4_Type1_NT200_NS12_NC6_NV12_NW6_O4,W_timeliness,unavailable,0.778202,unavailable,unavailable,unavailable,unavailable,No matching reference/context WTA-domain report was found.
swta,MultiSWTA4_Type1_NT200_NS15_NC12_NV15_NW12_O2,W_balanced,unavailable,0.672629,unavailable,unavailable,unavailable,unavailable,No matching reference/context WTA-domain report was found.
swta,MultiSWTA4_Type1_NT200_NS15_NC12_NV15_NW12_O2,W_effectiveness,unavailable,0.446508,unavailable,unavailable,unavailable,unavailable,No matching reference/context WTA-domain report was found.
swta,MultiSWTA4_Type1_NT200_NS15_NC12_NV15_NW12_O2,W_high_value_protection,unavailable,0.571379,unavailable,unavailable,unavailable,unavailable,No matching reference/context WTA-domain report was found.
swta,MultiSWTA4_Type1_NT200_NS15_NC12_NV15_NW12_O2,W_resource_conservative,unavailable,0.785353,unavailable,unavailable,unavailable,unavailable,No matching reference/context WTA-domain report was found.
swta,MultiSWTA4_Type1_NT200_NS15_NC12_NV15_NW12_O2,W_timeliness,unavailable,0.785353,unavailable,unavailable,unavailable,unavailable,No matching reference/context WTA-domain report was found.
swta,MultiSWTA4_Type1_NT200_NS15_NC12_NV15_NW12_O3,W_balanced,unavailable,0.672629,unavailable,unavailable,unavailable,unavailable,No matching reference/context WTA-domain report was found.
swta,MultiSWTA4_Type1_NT200_NS15_NC12_NV15_NW12_O3,W_effectiveness,unavailable,0.446508,unavailable,unavailable,unavailable,unavailable,No matching reference/context WTA-domain report was found.
swta,MultiSWTA4_Type1_NT200_NS15_NC12_NV15_NW12_O3,W_high_value_protection,unavailable,0.571379,unavailable,unavailable,unavailable,unavailable,No matching reference/context WTA-domain report was found.
swta,MultiSWTA4_Type1_NT200_NS15_NC12_NV15_NW12_O3,W_resource_conservative,unavailable,0.785353,unavailable,unavailable,unavailable,unavailable,No matching reference/context WTA-domain report was found.
swta,MultiSWTA4_Type1_NT200_NS15_NC12_NV15_NW12_O3,W_timeliness,unavailable,0.785353,unavailable,unavailable,unavailable,unavailable,No matching reference/context WTA-domain report was found.
swta,MultiSWTA4_Type1_NT200_NS15_NC12_NV15_NW12_O4,W_balanced,unavailable,0.672629,unavailable,unavailable,unavailable,unavailable,No matching reference/context WTA-domain report was found.
swta,MultiSWTA4_Type1_NT200_NS15_NC12_NV15_NW12_O4,W_effectiveness,unavailable,0.446508,unavailable,unavailable,unavailable,unavailable,No matching reference/context WTA-domain report was found.
swta,MultiSWTA4_Type1_NT200_NS15_NC12_NV15_NW12_O4,W_high_value_protection,unavailable,0.571379,unavailable,unavailable,unavailable,unavailable,No matching reference/context WTA-domain report was found.
swta,MultiSWTA4_Type1_NT200_NS15_NC12_NV15_NW12_O4,W_resource_conservative,unavailable,0.785353,unavailable,unavailable,unavailable,unavailable,No matching reference/context WTA-domain report was found.
swta,MultiSWTA4_Type1_NT200_NS15_NC12_NV15_NW12_O4,W_timeliness,unavailable,0.785353,unavailable,unavailable,unavailable,unavailable,No matching reference/context WTA-domain report was found.
swta,MultiSWTA4_Type1_NT50_NS5_NC2_NV5_NW2_O2,W_balanced,unavailable,0.680863,unavailable,unavailable,unavailable,unavailable,No matching reference/context WTA-domain report was found.
swta,MultiSWTA4_Type1_NT50_NS5_NC2_NV5_NW2_O2,W_effectiveness,unavailable,0.466726,unavailable,unavailable,unavailable,unavailable,No matching reference/context WTA-domain report was found.
swta,MultiSWTA4_Type1_NT50_NS5_NC2_NV5_NW2_O2,W_high_value_protection,unavailable,0.575863,unavailable,unavailable,unavailable,unavailable,No matching reference/context WTA-domain report was found.
swta,MultiSWTA4_Type1_NT50_NS5_NC2_NV5_NW2_O2,W_resource_conservative,unavailable,0.793691,unavailable,unavailable,unavailable,unavailable,No matching reference/context WTA-domain report was found.
swta,MultiSWTA4_Type1_NT50_NS5_NC2_NV5_NW2_O2,W_timeliness,unavailable,0.793691,unavailable,unavailable,unavailable,unavailable,No matching reference/context WTA-domain report was found.
swta,MultiSWTA4_Type1_NT50_NS5_NC2_NV5_NW2_O3,W_balanced,unavailable,0.680863,unavailable,unavailable,unavailable,unavailable,No matching reference/context WTA-domain report was found.
swta,MultiSWTA4_Type1_NT50_NS5_NC2_NV5_NW2_O3,W_effectiveness,unavailable,0.466726,unavailable,unavailable,unavailable,unavailable,No matching reference/context WTA-domain report was found.
swta,MultiSWTA4_Type1_NT50_NS5_NC2_NV5_NW2_O3,W_high_value_protection,unavailable,0.575863,unavailable,unavailable,unavailable,unavailable,No matching reference/context WTA-domain report was found.
swta,MultiSWTA4_Type1_NT50_NS5_NC2_NV5_NW2_O3,W_resource_conservative,unavailable,0.793691,unavailable,unavailable,unavailable,unavailable,No matching reference/context WTA-domain report was found.
swta,MultiSWTA4_Type1_NT50_NS5_NC2_NV5_NW2_O3,W_timeliness,unavailable,0.793691,unavailable,unavailable,unavailable,unavailable,No matching reference/context WTA-domain report was found.
swta,MultiSWTA4_Type1_NT50_NS5_NC2_NV5_NW2_O4,W_balanced,unavailable,0.680863,unavailable,unavailable,unavailable,unavailable,No matching reference/context WTA-domain report was found.
swta,MultiSWTA4_Type1_NT50_NS5_NC2_NV5_NW2_O4,W_effectiveness,unavailable,0.466726,unavailable,unavailable,unavailable,unavailable,No matching reference/context WTA-domain report was found.
swta,MultiSWTA4_Type1_NT50_NS5_NC2_NV5_NW2_O4,W_high_value_protection,unavailable,0.575863,unavailable,unavailable,unavailable,unavailable,No matching reference/context WTA-domain report was found.
swta,MultiSWTA4_Type1_NT50_NS5_NC2_NV5_NW2_O4,W_resource_conservative,unavailable,0.793691,unavailable,unavailable,unavailable,unavailable,No matching reference/context WTA-domain report was found.
swta,MultiSWTA4_Type1_NT50_NS5_NC2_NV5_NW2_O4,W_timeliness,unavailable,0.793691,unavailable,unavailable,unavailable,unavailable,No matching reference/context WTA-domain report was found.
swta,MultiSWTA4_Type1_NT50_NS8_NC6_NV8_NW6_O2,W_balanced,unavailable,0.734749,unavailable,unavailable,unavailable,unavailable,No matching reference/context WTA-domain report was found.
swta,MultiSWTA4_Type1_NT50_NS8_NC6_NV8_NW6_O2,W_effectiveness,unavailable,0.529498,unavailable,unavailable,unavailable,unavailable,No matching reference/context WTA-domain report was found.
swta,MultiSWTA4_Type1_NT50_NS8_NC6_NV8_NW6_O2,W_high_value_protection,unavailable,0.674749,unavailable,unavailable,unavailable,unavailable,No matching reference/context WTA-domain report was found.
swta,MultiSWTA4_Type1_NT50_NS8_NC6_NV8_NW6_O2,W_resource_conservative,unavailable,0.815799,unavailable,unavailable,unavailable,unavailable,No matching reference/context WTA-domain report was found.
swta,MultiSWTA4_Type1_NT50_NS8_NC6_NV8_NW6_O2,W_timeliness,unavailable,0.815799,unavailable,unavailable,unavailable,unavailable,No matching reference/context WTA-domain report was found.
swta,MultiSWTA4_Type1_NT50_NS8_NC6_NV8_NW6_O3,W_balanced,unavailable,0.734749,unavailable,unavailable,unavailable,unavailable,No matching reference/context WTA-domain report was found.
swta,MultiSWTA4_Type1_NT50_NS8_NC6_NV8_NW6_O3,W_effectiveness,unavailable,0.529498,unavailable,unavailable,unavailable,unavailable,No matching reference/context WTA-domain report was found.
swta,MultiSWTA4_Type1_NT50_NS8_NC6_NV8_NW6_O3,W_high_value_protection,unavailable,0.674749,unavailable,unavailable,unavailable,unavailable,No matching reference/context WTA-domain report was found.
swta,MultiSWTA4_Type1_NT50_NS8_NC6_NV8_NW6_O3,W_resource_conservative,unavailable,0.815799,unavailable,unavailable,unavailable,unavailable,No matching reference/context WTA-domain report was found.
swta,MultiSWTA4_Type1_NT50_NS8_NC6_NV8_NW6_O3,W_timeliness,unavailable,0.815799,unavailable,unavailable,unavailable,unavailable,No matching reference/context WTA-domain report was found.
swta,MultiSWTA4_Type1_NT50_NS8_NC6_NV8_NW6_O4,W_balanced,unavailable,0.734749,unavailable,unavailable,unavailable,unavailable,No matching reference/context WTA-domain report was found.
swta,MultiSWTA4_Type1_NT50_NS8_NC6_NV8_NW6_O4,W_effectiveness,unavailable,0.529498,unavailable,unavailable,unavailable,unavailable,No matching reference/context WTA-domain report was found.
swta,MultiSWTA4_Type1_NT50_NS8_NC6_NV8_NW6_O4,W_high_value_protection,unavailable,0.674749,unavailable,unavailable,unavailable,unavailable,No matching reference/context WTA-domain report was found.
swta,MultiSWTA4_Type1_NT50_NS8_NC6_NV8_NW6_O4,W_resource_conservative,unavailable,0.815799,unavailable,unavailable,unavailable,unavailable,No matching reference/context WTA-domain report was found.
swta,MultiSWTA4_Type1_NT50_NS8_NC6_NV8_NW6_O4,W_timeliness,unavailable,0.815799,unavailable,unavailable,unavailable,unavailable,No matching reference/context WTA-domain report was found.
swta,MultiSWTA5_Type0_NT100_NS10_NC9_NV10_NW9_O2,W_balanced,unavailable,0.639654,unavailable,unavailable,unavailable,unavailable,No matching reference/context WTA-domain report was found.
swta,MultiSWTA5_Type0_NT100_NS10_NC9_NV10_NW9_O2,W_effectiveness,unavailable,0.406808,unavailable,unavailable,unavailable,unavailable,No matching reference/context WTA-domain report was found.
swta,MultiSWTA5_Type0_NT100_NS10_NC9_NV10_NW9_O2,W_high_value_protection,unavailable,0.512154,unavailable,unavailable,unavailable,unavailable,No matching reference/context WTA-domain report was found.
swta,MultiSWTA5_Type0_NT100_NS10_NC9_NV10_NW9_O2,W_resource_conservative,unavailable,0.771223,unavailable,unavailable,unavailable,unavailable,No matching reference/context WTA-domain report was found.
swta,MultiSWTA5_Type0_NT100_NS10_NC9_NV10_NW9_O2,W_timeliness,unavailable,0.771223,unavailable,unavailable,unavailable,unavailable,No matching reference/context WTA-domain report was found.
swta,MultiSWTA5_Type0_NT100_NS10_NC9_NV10_NW9_O3,W_balanced,unavailable,0.639654,unavailable,unavailable,unavailable,unavailable,No matching reference/context WTA-domain report was found.
swta,MultiSWTA5_Type0_NT100_NS10_NC9_NV10_NW9_O3,W_effectiveness,unavailable,0.406808,unavailable,unavailable,unavailable,unavailable,No matching reference/context WTA-domain report was found.
swta,MultiSWTA5_Type0_NT100_NS10_NC9_NV10_NW9_O3,W_high_value_protection,unavailable,0.512154,unavailable,unavailable,unavailable,unavailable,No matching reference/context WTA-domain report was found.
swta,MultiSWTA5_Type0_NT100_NS10_NC9_NV10_NW9_O3,W_resource_conservative,unavailable,0.771223,unavailable,unavailable,unavailable,unavailable,No matching reference/context WTA-domain report was found.
swta,MultiSWTA5_Type0_NT100_NS10_NC9_NV10_NW9_O3,W_timeliness,unavailable,0.771223,unavailable,unavailable,unavailable,unavailable,No matching reference/context WTA-domain report was found.
swta,MultiSWTA5_Type0_NT100_NS10_NC9_NV10_NW9_O4,W_balanced,unavailable,0.639654,unavailable,unavailable,unavailable,unavailable,No matching reference/context WTA-domain report was found.
swta,MultiSWTA5_Type0_NT100_NS10_NC9_NV10_NW9_O4,W_effectiveness,unavailable,0.406808,unavailable,unavailable,unavailable,unavailable,No matching reference/context WTA-domain report was found.
swta,MultiSWTA5_Type0_NT100_NS10_NC9_NV10_NW9_O4,W_high_value_protection,unavailable,0.512154,unavailable,unavailable,unavailable,unavailable,No matching reference/context WTA-domain report was found.
swta,MultiSWTA5_Type0_NT100_NS10_NC9_NV10_NW9_O4,W_resource_conservative,unavailable,0.771223,unavailable,unavailable,unavailable,unavailable,No matching reference/context WTA-domain report was found.
swta,MultiSWTA5_Type0_NT100_NS10_NC9_NV10_NW9_O4,W_timeliness,unavailable,0.771223,unavailable,unavailable,unavailable,unavailable,No matching reference/context WTA-domain report was found.
swta,MultiSWTA5_Type0_NT100_NS6_NC6_NV6_NW6_O2,W_balanced,unavailable,0.63209,unavailable,unavailable,unavailable,unavailable,No matching reference/context WTA-domain report was found.
swta,MultiSWTA5_Type0_NT100_NS6_NC6_NV6_NW6_O2,W_effectiveness,unavailable,0.39168,unavailable,unavailable,unavailable,unavailable,No matching reference/context WTA-domain report was found.
swta,MultiSWTA5_Type0_NT100_NS6_NC6_NV6_NW6_O2,W_high_value_protection,unavailable,0.50459,unavailable,unavailable,unavailable,unavailable,No matching reference/context WTA-domain report was found.
swta,MultiSWTA5_Type0_NT100_NS6_NC6_NV6_NW6_O2,W_resource_conservative,unavailable,0.765172,unavailable,unavailable,unavailable,unavailable,No matching reference/context WTA-domain report was found.
swta,MultiSWTA5_Type0_NT100_NS6_NC6_NV6_NW6_O2,W_timeliness,unavailable,0.765172,unavailable,unavailable,unavailable,unavailable,No matching reference/context WTA-domain report was found.
swta,MultiSWTA5_Type0_NT100_NS6_NC6_NV6_NW6_O3,W_balanced,unavailable,0.63209,unavailable,unavailable,unavailable,unavailable,No matching reference/context WTA-domain report was found.
swta,MultiSWTA5_Type0_NT100_NS6_NC6_NV6_NW6_O3,W_effectiveness,unavailable,0.39168,unavailable,unavailable,unavailable,unavailable,No matching reference/context WTA-domain report was found.
swta,MultiSWTA5_Type0_NT100_NS6_NC6_NV6_NW6_O3,W_high_value_protection,unavailable,0.50459,unavailable,unavailable,unavailable,unavailable,No matching reference/context WTA-domain report was found.
swta,MultiSWTA5_Type0_NT100_NS6_NC6_NV6_NW6_O3,W_resource_conservative,unavailable,0.765172,unavailable,unavailable,unavailable,unavailable,No matching reference/context WTA-domain report was found.
swta,MultiSWTA5_Type0_NT100_NS6_NC6_NV6_NW6_O3,W_timeliness,unavailable,0.765172,unavailable,unavailable,unavailable,unavailable,No matching reference/context WTA-domain report was found.
swta,MultiSWTA5_Type0_NT100_NS6_NC6_NV6_NW6_O4,W_balanced,unavailable,0.63209,unavailable,unavailable,unavailable,unavailable,No matching reference/context WTA-domain report was found.
swta,MultiSWTA5_Type0_NT100_NS6_NC6_NV6_NW6_O4,W_effectiveness,unavailable,0.39168,unavailable,unavailable,unavailable,unavailable,No matching reference/context WTA-domain report was found.
swta,MultiSWTA5_Type0_NT100_NS6_NC6_NV6_NW6_O4,W_high_value_protection,unavailable,0.50459,unavailable,unavailable,unavailable,unavailable,No matching reference/context WTA-domain report was found.
swta,MultiSWTA5_Type0_NT100_NS6_NC6_NV6_NW6_O4,W_resource_conservative,unavailable,0.765172,unavailable,unavailable,unavailable,unavailable,No matching reference/context WTA-domain report was found.
swta,MultiSWTA5_Type0_NT100_NS6_NC6_NV6_NW6_O4,W_timeliness,unavailable,0.765172,unavailable,unavailable,unavailable,unavailable,No matching reference/context WTA-domain report was found.
swta,MultiSWTA5_Type0_NT200_NS12_NC6_NV12_NW6_O2,W_balanced,unavailable,0.62595,unavailable,unavailable,unavailable,unavailable,No matching reference/context WTA-domain report was found.
swta,MultiSWTA5_Type0_NT200_NS12_NC6_NV12_NW6_O2,W_effectiveness,unavailable,0.3869,unavailable,unavailable,unavailable,unavailable,No matching reference/context WTA-domain report was found.
swta,MultiSWTA5_Type0_NT200_NS12_NC6_NV12_NW6_O2,W_high_value_protection,unavailable,0.49095,unavailable,unavailable,unavailable,unavailable,No matching reference/context WTA-domain report was found.
swta,MultiSWTA5_Type0_NT200_NS12_NC6_NV12_NW6_O2,W_resource_conservative,unavailable,0.76376,unavailable,unavailable,unavailable,unavailable,No matching reference/context WTA-domain report was found.
swta,MultiSWTA5_Type0_NT200_NS12_NC6_NV12_NW6_O2,W_timeliness,unavailable,0.76376,unavailable,unavailable,unavailable,unavailable,No matching reference/context WTA-domain report was found.
swta,MultiSWTA5_Type0_NT200_NS12_NC6_NV12_NW6_O3,W_balanced,unavailable,unavailable,unavailable,unavailable,unavailable,not_applicable,Candidate has no solution-grounded WTA-domain preference score.
swta,MultiSWTA5_Type0_NT200_NS12_NC6_NV12_NW6_O3,W_effectiveness,unavailable,unavailable,unavailable,unavailable,unavailable,not_applicable,Candidate has no solution-grounded WTA-domain preference score.
swta,MultiSWTA5_Type0_NT200_NS12_NC6_NV12_NW6_O3,W_high_value_protection,unavailable,unavailable,unavailable,unavailable,unavailable,not_applicable,Candidate has no solution-grounded WTA-domain preference score.
swta,MultiSWTA5_Type0_NT200_NS12_NC6_NV12_NW6_O3,W_resource_conservative,unavailable,unavailable,unavailable,unavailable,unavailable,not_applicable,Candidate has no solution-grounded WTA-domain preference score.
swta,MultiSWTA5_Type0_NT200_NS12_NC6_NV12_NW6_O3,W_timeliness,unavailable,unavailable,unavailable,unavailable,unavailable,not_applicable,Candidate has no solution-grounded WTA-domain preference score.
swta,MultiSWTA5_Type0_NT200_NS12_NC6_NV12_NW6_O4,W_balanced,unavailable,0.62595,unavailable,unavailable,unavailable,unavailable,No matching reference/context WTA-domain report was found.
swta,MultiSWTA5_Type0_NT200_NS12_NC6_NV12_NW6_O4,W_effectiveness,unavailable,0.3869,unavailable,unavailable,unavailable,unavailable,No matching reference/context WTA-domain report was found.
swta,MultiSWTA5_Type0_NT200_NS12_NC6_NV12_NW6_O4,W_high_value_protection,unavailable,0.49095,unavailable,unavailable,unavailable,unavailable,No matching reference/context WTA-domain report was found.
swta,MultiSWTA5_Type0_NT200_NS12_NC6_NV12_NW6_O4,W_resource_conservative,unavailable,0.76376,unavailable,unavailable,unavailable,unavailable,No matching reference/context WTA-domain report was found.
swta,MultiSWTA5_Type0_NT200_NS12_NC6_NV12_NW6_O4,W_timeliness,unavailable,0.76376,unavailable,unavailable,unavailable,unavailable,No matching reference/context WTA-domain report was found.
swta,MultiSWTA5_Type0_NT200_NS15_NC12_NV15_NW12_O2,W_balanced,unavailable,0.628186,unavailable,unavailable,unavailable,unavailable,No matching reference/context WTA-domain report was found.
swta,MultiSWTA5_Type0_NT200_NS15_NC12_NV15_NW12_O2,W_effectiveness,unavailable,0.391372,unavailable,unavailable,unavailable,unavailable,No matching reference/context WTA-domain report was found.
swta,MultiSWTA5_Type0_NT200_NS15_NC12_NV15_NW12_O2,W_high_value_protection,unavailable,0.493186,unavailable,unavailable,unavailable,unavailable,No matching reference/context WTA-domain report was found.
swta,MultiSWTA5_Type0_NT200_NS15_NC12_NV15_NW12_O2,W_resource_conservative,unavailable,0.765549,unavailable,unavailable,unavailable,unavailable,No matching reference/context WTA-domain report was found.
swta,MultiSWTA5_Type0_NT200_NS15_NC12_NV15_NW12_O2,W_timeliness,unavailable,0.765549,unavailable,unavailable,unavailable,unavailable,No matching reference/context WTA-domain report was found.
swta,MultiSWTA5_Type0_NT200_NS15_NC12_NV15_NW12_O3,W_balanced,unavailable,0.628186,unavailable,unavailable,unavailable,unavailable,No matching reference/context WTA-domain report was found.
swta,MultiSWTA5_Type0_NT200_NS15_NC12_NV15_NW12_O3,W_effectiveness,unavailable,0.391372,unavailable,unavailable,unavailable,unavailable,No matching reference/context WTA-domain report was found.
swta,MultiSWTA5_Type0_NT200_NS15_NC12_NV15_NW12_O3,W_high_value_protection,unavailable,0.493186,unavailable,unavailable,unavailable,unavailable,No matching reference/context WTA-domain report was found.
swta,MultiSWTA5_Type0_NT200_NS15_NC12_NV15_NW12_O3,W_resource_conservative,unavailable,0.765549,unavailable,unavailable,unavailable,unavailable,No matching reference/context WTA-domain report was found.
swta,MultiSWTA5_Type0_NT200_NS15_NC12_NV15_NW12_O3,W_timeliness,unavailable,0.765549,unavailable,unavailable,unavailable,unavailable,No matching reference/context WTA-domain report was found.
swta,MultiSWTA5_Type0_NT200_NS15_NC12_NV15_NW12_O4,W_balanced,unavailable,0.628186,unavailable,unavailable,unavailable,unavailable,No matching reference/context WTA-domain report was found.
swta,MultiSWTA5_Type0_NT200_NS15_NC12_NV15_NW12_O4,W_effectiveness,unavailable,0.391372,unavailable,unavailable,unavailable,unavailable,No matching reference/context WTA-domain report was found.
swta,MultiSWTA5_Type0_NT200_NS15_NC12_NV15_NW12_O4,W_high_value_protection,unavailable,0.493186,unavailable,unavailable,unavailable,unavailable,No matching reference/context WTA-domain report was found.
swta,MultiSWTA5_Type0_NT200_NS15_NC12_NV15_NW12_O4,W_resource_conservative,unavailable,0.765549,unavailable,unavailable,unavailable,unavailable,No matching reference/context WTA-domain report was found.
swta,MultiSWTA5_Type0_NT200_NS15_NC12_NV15_NW12_O4,W_timeliness,unavailable,0.765549,unavailable,unavailable,unavailable,unavailable,No matching reference/context WTA-domain report was found.
swta,MultiSWTA5_Type0_NT50_NS5_NC2_NV5_NW2_O2,W_balanced,unavailable,0.652914,unavailable,unavailable,unavailable,unavailable,No matching reference/context WTA-domain report was found.
swta,MultiSWTA5_Type0_NT50_NS5_NC2_NV5_NW2_O2,W_effectiveness,unavailable,0.425827,unavailable,unavailable,unavailable,unavailable,No matching reference/context WTA-domain report was found.
swta,MultiSWTA5_Type0_NT50_NS5_NC2_NV5_NW2_O2,W_high_value_protection,unavailable,0.532914,unavailable,unavailable,unavailable,unavailable,No matching reference/context WTA-domain report was found.
swta,MultiSWTA5_Type0_NT50_NS5_NC2_NV5_NW2_O2,W_resource_conservative,unavailable,0.778331,unavailable,unavailable,unavailable,unavailable,No matching reference/context WTA-domain report was found.
swta,MultiSWTA5_Type0_NT50_NS5_NC2_NV5_NW2_O2,W_timeliness,unavailable,0.778331,unavailable,unavailable,unavailable,unavailable,No matching reference/context WTA-domain report was found.
swta,MultiSWTA5_Type0_NT50_NS5_NC2_NV5_NW2_O3,W_balanced,unavailable,0.652914,unavailable,unavailable,unavailable,unavailable,No matching reference/context WTA-domain report was found.
swta,MultiSWTA5_Type0_NT50_NS5_NC2_NV5_NW2_O3,W_effectiveness,unavailable,0.425827,unavailable,unavailable,unavailable,unavailable,No matching reference/context WTA-domain report was found.
swta,MultiSWTA5_Type0_NT50_NS5_NC2_NV5_NW2_O3,W_high_value_protection,unavailable,0.532914,unavailable,unavailable,unavailable,unavailable,No matching reference/context WTA-domain report was found.
swta,MultiSWTA5_Type0_NT50_NS5_NC2_NV5_NW2_O3,W_resource_conservative,unavailable,0.778331,unavailable,unavailable,unavailable,unavailable,No matching reference/context WTA-domain report was found.
swta,MultiSWTA5_Type0_NT50_NS5_NC2_NV5_NW2_O3,W_timeliness,unavailable,0.778331,unavailable,unavailable,unavailable,unavailable,No matching reference/context WTA-domain report was found.
swta,MultiSWTA5_Type0_NT50_NS5_NC2_NV5_NW2_O4,W_balanced,unavailable,0.652914,unavailable,unavailable,unavailable,unavailable,No matching reference/context WTA-domain report was found.
swta,MultiSWTA5_Type0_NT50_NS5_NC2_NV5_NW2_O4,W_effectiveness,unavailable,0.425827,unavailable,unavailable,unavailable,unavailable,No matching reference/context WTA-domain report was found.
swta,MultiSWTA5_Type0_NT50_NS5_NC2_NV5_NW2_O4,W_high_value_protection,unavailable,0.532914,unavailable,unavailable,unavailable,unavailable,No matching reference/context WTA-domain report was found.
swta,MultiSWTA5_Type0_NT50_NS5_NC2_NV5_NW2_O4,W_resource_conservative,unavailable,0.778331,unavailable,unavailable,unavailable,unavailable,No matching reference/context WTA-domain report was found.
swta,MultiSWTA5_Type0_NT50_NS5_NC2_NV5_NW2_O4,W_timeliness,unavailable,0.778331,unavailable,unavailable,unavailable,unavailable,No matching reference/context WTA-domain report was found.
swta,MultiSWTA5_Type0_NT50_NS8_NC6_NV8_NW6_O2,W_balanced,unavailable,0.649461,unavailable,unavailable,unavailable,unavailable,No matching reference/context WTA-domain report was found.
swta,MultiSWTA5_Type0_NT50_NS8_NC6_NV8_NW6_O2,W_effectiveness,unavailable,0.418922,unavailable,unavailable,unavailable,unavailable,No matching reference/context WTA-domain report was found.
swta,MultiSWTA5_Type0_NT50_NS8_NC6_NV8_NW6_O2,W_high_value_protection,unavailable,0.529461,unavailable,unavailable,unavailable,unavailable,No matching reference/context WTA-domain report was found.
swta,MultiSWTA5_Type0_NT50_NS8_NC6_NV8_NW6_O2,W_resource_conservative,unavailable,0.775569,unavailable,unavailable,unavailable,unavailable,No matching reference/context WTA-domain report was found.
swta,MultiSWTA5_Type0_NT50_NS8_NC6_NV8_NW6_O2,W_timeliness,unavailable,0.775569,unavailable,unavailable,unavailable,unavailable,No matching reference/context WTA-domain report was found.
swta,MultiSWTA5_Type0_NT50_NS8_NC6_NV8_NW6_O3,W_balanced,unavailable,0.649461,unavailable,unavailable,unavailable,unavailable,No matching reference/context WTA-domain report was found.
swta,MultiSWTA5_Type0_NT50_NS8_NC6_NV8_NW6_O3,W_effectiveness,unavailable,0.418922,unavailable,unavailable,unavailable,unavailable,No matching reference/context WTA-domain report was found.
swta,MultiSWTA5_Type0_NT50_NS8_NC6_NV8_NW6_O3,W_high_value_protection,unavailable,0.529461,unavailable,unavailable,unavailable,unavailable,No matching reference/context WTA-domain report was found.
swta,MultiSWTA5_Type0_NT50_NS8_NC6_NV8_NW6_O3,W_resource_conservative,unavailable,0.775569,unavailable,unavailable,unavailable,unavailable,No matching reference/context WTA-domain report was found.
swta,MultiSWTA5_Type0_NT50_NS8_NC6_NV8_NW6_O3,W_timeliness,unavailable,0.775569,unavailable,unavailable,unavailable,unavailable,No matching reference/context WTA-domain report was found.
swta,MultiSWTA5_Type0_NT50_NS8_NC6_NV8_NW6_O4,W_balanced,unavailable,0.649461,unavailable,unavailable,unavailable,unavailable,No matching reference/context WTA-domain report was found.
swta,MultiSWTA5_Type0_NT50_NS8_NC6_NV8_NW6_O4,W_effectiveness,unavailable,0.418922,unavailable,unavailable,unavailable,unavailable,No matching reference/context WTA-domain report was found.
swta,MultiSWTA5_Type0_NT50_NS8_NC6_NV8_NW6_O4,W_high_value_protection,unavailable,0.529461,unavailable,unavailable,unavailable,unavailable,No matching reference/context WTA-domain report was found.
swta,MultiSWTA5_Type0_NT50_NS8_NC6_NV8_NW6_O4,W_resource_conservative,unavailable,0.775569,unavailable,unavailable,unavailable,unavailable,No matching reference/context WTA-domain report was found.
swta,MultiSWTA5_Type0_NT50_NS8_NC6_NV8_NW6_O4,W_timeliness,unavailable,0.775569,unavailable,unavailable,unavailable,unavailable,No matching reference/context WTA-domain report was found.
swta,MultiSWTA5_Type1_NT100_NS10_NC9_NV10_NW9_O2,W_balanced,unavailable,0.681097,unavailable,unavailable,unavailable,unavailable,No matching reference/context WTA-domain report was found.
swta,MultiSWTA5_Type1_NT100_NS10_NC9_NV10_NW9_O2,W_effectiveness,unavailable,0.459693,unavailable,unavailable,unavailable,unavailable,No matching reference/context WTA-domain report was found.
swta,MultiSWTA5_Type1_NT100_NS10_NC9_NV10_NW9_O2,W_high_value_protection,unavailable,0.583597,unavailable,unavailable,unavailable,unavailable,No matching reference/context WTA-domain report was found.
swta,MultiSWTA5_Type1_NT100_NS10_NC9_NV10_NW9_O2,W_resource_conservative,unavailable,0.790377,unavailable,unavailable,unavailable,unavailable,No matching reference/context WTA-domain report was found.
swta,MultiSWTA5_Type1_NT100_NS10_NC9_NV10_NW9_O2,W_timeliness,unavailable,0.790377,unavailable,unavailable,unavailable,unavailable,No matching reference/context WTA-domain report was found.
swta,MultiSWTA5_Type1_NT100_NS10_NC9_NV10_NW9_O3,W_balanced,unavailable,0.681097,unavailable,unavailable,unavailable,unavailable,No matching reference/context WTA-domain report was found.
swta,MultiSWTA5_Type1_NT100_NS10_NC9_NV10_NW9_O3,W_effectiveness,unavailable,0.459693,unavailable,unavailable,unavailable,unavailable,No matching reference/context WTA-domain report was found.
swta,MultiSWTA5_Type1_NT100_NS10_NC9_NV10_NW9_O3,W_high_value_protection,unavailable,0.583597,unavailable,unavailable,unavailable,unavailable,No matching reference/context WTA-domain report was found.
swta,MultiSWTA5_Type1_NT100_NS10_NC9_NV10_NW9_O3,W_resource_conservative,unavailable,0.790377,unavailable,unavailable,unavailable,unavailable,No matching reference/context WTA-domain report was found.
swta,MultiSWTA5_Type1_NT100_NS10_NC9_NV10_NW9_O3,W_timeliness,unavailable,0.790377,unavailable,unavailable,unavailable,unavailable,No matching reference/context WTA-domain report was found.
swta,MultiSWTA5_Type1_NT100_NS10_NC9_NV10_NW9_O4,W_balanced,unavailable,0.681097,unavailable,unavailable,unavailable,unavailable,No matching reference/context WTA-domain report was found.
swta,MultiSWTA5_Type1_NT100_NS10_NC9_NV10_NW9_O4,W_effectiveness,unavailable,0.459693,unavailable,unavailable,unavailable,unavailable,No matching reference/context WTA-domain report was found.
swta,MultiSWTA5_Type1_NT100_NS10_NC9_NV10_NW9_O4,W_high_value_protection,unavailable,0.583597,unavailable,unavailable,unavailable,unavailable,No matching reference/context WTA-domain report was found.
swta,MultiSWTA5_Type1_NT100_NS10_NC9_NV10_NW9_O4,W_resource_conservative,unavailable,0.790377,unavailable,unavailable,unavailable,unavailable,No matching reference/context WTA-domain report was found.
swta,MultiSWTA5_Type1_NT100_NS10_NC9_NV10_NW9_O4,W_timeliness,unavailable,0.790377,unavailable,unavailable,unavailable,unavailable,No matching reference/context WTA-domain report was found.
swta,MultiSWTA5_Type1_NT100_NS6_NC6_NV6_NW6_O2,W_balanced,unavailable,0.633652,unavailable,unavailable,unavailable,unavailable,No matching reference/context WTA-domain report was found.
swta,MultiSWTA5_Type1_NT100_NS6_NC6_NV6_NW6_O2,W_effectiveness,unavailable,0.394805,unavailable,unavailable,unavailable,unavailable,No matching reference/context WTA-domain report was found.
swta,MultiSWTA5_Type1_NT100_NS6_NC6_NV6_NW6_O2,W_high_value_protection,unavailable,0.506152,unavailable,unavailable,unavailable,unavailable,No matching reference/context WTA-domain report was found.
swta,MultiSWTA5_Type1_NT100_NS6_NC6_NV6_NW6_O2,W_resource_conservative,unavailable,0.766422,unavailable,unavailable,unavailable,unavailable,No matching reference/context WTA-domain report was found.
swta,MultiSWTA5_Type1_NT100_NS6_NC6_NV6_NW6_O2,W_timeliness,unavailable,0.766422,unavailable,unavailable,unavailable,unavailable,No matching reference/context WTA-domain report was found.
swta,MultiSWTA5_Type1_NT100_NS6_NC6_NV6_NW6_O3,W_balanced,unavailable,0.633652,unavailable,unavailable,unavailable,unavailable,No matching reference/context WTA-domain report was found.
swta,MultiSWTA5_Type1_NT100_NS6_NC6_NV6_NW6_O3,W_effectiveness,unavailable,0.394805,unavailable,unavailable,unavailable,unavailable,No matching reference/context WTA-domain report was found.
swta,MultiSWTA5_Type1_NT100_NS6_NC6_NV6_NW6_O3,W_high_value_protection,unavailable,0.506152,unavailable,unavailable,unavailable,unavailable,No matching reference/context WTA-domain report was found.
swta,MultiSWTA5_Type1_NT100_NS6_NC6_NV6_NW6_O3,W_resource_conservative,unavailable,0.766422,unavailable,unavailable,unavailable,unavailable,No matching reference/context WTA-domain report was found.
swta,MultiSWTA5_Type1_NT100_NS6_NC6_NV6_NW6_O3,W_timeliness,unavailable,0.766422,unavailable,unavailable,unavailable,unavailable,No matching reference/context WTA-domain report was found.
swta,MultiSWTA5_Type1_NT100_NS6_NC6_NV6_NW6_O4,W_balanced,unavailable,0.633652,unavailable,unavailable,unavailable,unavailable,No matching reference/context WTA-domain report was found.
swta,MultiSWTA5_Type1_NT100_NS6_NC6_NV6_NW6_O4,W_effectiveness,unavailable,0.394805,unavailable,unavailable,unavailable,unavailable,No matching reference/context WTA-domain report was found.
swta,MultiSWTA5_Type1_NT100_NS6_NC6_NV6_NW6_O4,W_high_value_protection,unavailable,0.506152,unavailable,unavailable,unavailable,unavailable,No matching reference/context WTA-domain report was found.
swta,MultiSWTA5_Type1_NT100_NS6_NC6_NV6_NW6_O4,W_resource_conservative,unavailable,0.766422,unavailable,unavailable,unavailable,unavailable,No matching reference/context WTA-domain report was found.
swta,MultiSWTA5_Type1_NT100_NS6_NC6_NV6_NW6_O4,W_timeliness,unavailable,0.766422,unavailable,unavailable,unavailable,unavailable,No matching reference/context WTA-domain report was found.
swta,MultiSWTA5_Type1_NT200_NS12_NC6_NV12_NW6_O2,W_balanced,unavailable,0.656026,unavailable,unavailable,unavailable,unavailable,No matching reference/context WTA-domain report was found.
swta,MultiSWTA5_Type1_NT200_NS12_NC6_NV12_NW6_O2,W_effectiveness,unavailable,0.424553,unavailable,unavailable,unavailable,unavailable,No matching reference/context WTA-domain report was found.
swta,MultiSWTA5_Type1_NT200_NS12_NC6_NV12_NW6_O2,W_high_value_protection,unavailable,0.543527,unavailable,unavailable,unavailable,unavailable,No matching reference/context WTA-domain report was found.
swta,MultiSWTA5_Type1_NT200_NS12_NC6_NV12_NW6_O2,W_resource_conservative,unavailable,0.777321,unavailable,unavailable,unavailable,unavailable,No matching reference/context WTA-domain report was found.
swta,MultiSWTA5_Type1_NT200_NS12_NC6_NV12_NW6_O2,W_timeliness,unavailable,0.777321,unavailable,unavailable,unavailable,unavailable,No matching reference/context WTA-domain report was found.
swta,MultiSWTA5_Type1_NT200_NS12_NC6_NV12_NW6_O3,W_balanced,unavailable,0.656026,unavailable,unavailable,unavailable,unavailable,No matching reference/context WTA-domain report was found.
swta,MultiSWTA5_Type1_NT200_NS12_NC6_NV12_NW6_O3,W_effectiveness,unavailable,0.424553,unavailable,unavailable,unavailable,unavailable,No matching reference/context WTA-domain report was found.
swta,MultiSWTA5_Type1_NT200_NS12_NC6_NV12_NW6_O3,W_high_value_protection,unavailable,0.543527,unavailable,unavailable,unavailable,unavailable,No matching reference/context WTA-domain report was found.
swta,MultiSWTA5_Type1_NT200_NS12_NC6_NV12_NW6_O3,W_resource_conservative,unavailable,0.777321,unavailable,unavailable,unavailable,unavailable,No matching reference/context WTA-domain report was found.
swta,MultiSWTA5_Type1_NT200_NS12_NC6_NV12_NW6_O3,W_timeliness,unavailable,0.777321,unavailable,unavailable,unavailable,unavailable,No matching reference/context WTA-domain report was found.
swta,MultiSWTA5_Type1_NT200_NS12_NC6_NV12_NW6_O4,W_balanced,unavailable,0.656026,unavailable,unavailable,unavailable,unavailable,No matching reference/context WTA-domain report was found.
swta,MultiSWTA5_Type1_NT200_NS12_NC6_NV12_NW6_O4,W_effectiveness,unavailable,0.424553,unavailable,unavailable,unavailable,unavailable,No matching reference/context WTA-domain report was found.
swta,MultiSWTA5_Type1_NT200_NS12_NC6_NV12_NW6_O4,W_high_value_protection,unavailable,0.543527,unavailable,unavailable,unavailable,unavailable,No matching reference/context WTA-domain report was found.
swta,MultiSWTA5_Type1_NT200_NS12_NC6_NV12_NW6_O4,W_resource_conservative,unavailable,0.777321,unavailable,unavailable,unavailable,unavailable,No matching reference/context WTA-domain report was found.
swta,MultiSWTA5_Type1_NT200_NS12_NC6_NV12_NW6_O4,W_timeliness,unavailable,0.777321,unavailable,unavailable,unavailable,unavailable,No matching reference/context WTA-domain report was found.
swta,MultiSWTA5_Type1_NT200_NS15_NC12_NV15_NW12_O2,W_balanced,unavailable,0.671896,unavailable,unavailable,unavailable,unavailable,No matching reference/context WTA-domain report was found.
swta,MultiSWTA5_Type1_NT200_NS15_NC12_NV15_NW12_O2,W_effectiveness,unavailable,0.445042,unavailable,unavailable,unavailable,unavailable,No matching reference/context WTA-domain report was found.
swta,MultiSWTA5_Type1_NT200_NS15_NC12_NV15_NW12_O2,W_high_value_protection,unavailable,0.570646,unavailable,unavailable,unavailable,unavailable,No matching reference/context WTA-domain report was found.
swta,MultiSWTA5_Type1_NT200_NS15_NC12_NV15_NW12_O2,W_resource_conservative,unavailable,0.784767,unavailable,unavailable,unavailable,unavailable,No matching reference/context WTA-domain report was found.
swta,MultiSWTA5_Type1_NT200_NS15_NC12_NV15_NW12_O2,W_timeliness,unavailable,0.784767,unavailable,unavailable,unavailable,unavailable,No matching reference/context WTA-domain report was found.
swta,MultiSWTA5_Type1_NT200_NS15_NC12_NV15_NW12_O3,W_balanced,unavailable,0.671896,unavailable,unavailable,unavailable,unavailable,No matching reference/context WTA-domain report was found.
swta,MultiSWTA5_Type1_NT200_NS15_NC12_NV15_NW12_O3,W_effectiveness,unavailable,0.445042,unavailable,unavailable,unavailable,unavailable,No matching reference/context WTA-domain report was found.
swta,MultiSWTA5_Type1_NT200_NS15_NC12_NV15_NW12_O3,W_high_value_protection,unavailable,0.570646,unavailable,unavailable,unavailable,unavailable,No matching reference/context WTA-domain report was found.
swta,MultiSWTA5_Type1_NT200_NS15_NC12_NV15_NW12_O3,W_resource_conservative,unavailable,0.784767,unavailable,unavailable,unavailable,unavailable,No matching reference/context WTA-domain report was found.
swta,MultiSWTA5_Type1_NT200_NS15_NC12_NV15_NW12_O3,W_timeliness,unavailable,0.784767,unavailable,unavailable,unavailable,unavailable,No matching reference/context WTA-domain report was found.
swta,MultiSWTA5_Type1_NT200_NS15_NC12_NV15_NW12_O4,W_balanced,unavailable,0.671896,unavailable,unavailable,unavailable,unavailable,No matching reference/context WTA-domain report was found.
swta,MultiSWTA5_Type1_NT200_NS15_NC12_NV15_NW12_O4,W_effectiveness,unavailable,0.445042,unavailable,unavailable,unavailable,unavailable,No matching reference/context WTA-domain report was found.
swta,MultiSWTA5_Type1_NT200_NS15_NC12_NV15_NW12_O4,W_high_value_protection,unavailable,0.570646,unavailable,unavailable,unavailable,unavailable,No matching reference/context WTA-domain report was found.
swta,MultiSWTA5_Type1_NT200_NS15_NC12_NV15_NW12_O4,W_resource_conservative,unavailable,0.784767,unavailable,unavailable,unavailable,unavailable,No matching reference/context WTA-domain report was found.
swta,MultiSWTA5_Type1_NT200_NS15_NC12_NV15_NW12_O4,W_timeliness,unavailable,0.784767,unavailable,unavailable,unavailable,unavailable,No matching reference/context WTA-domain report was found.
swta,MultiSWTA5_Type1_NT50_NS5_NC2_NV5_NW2_O2,W_balanced,unavailable,0.673355,unavailable,unavailable,unavailable,unavailable,No matching reference/context WTA-domain report was found.
swta,MultiSWTA5_Type1_NT50_NS5_NC2_NV5_NW2_O2,W_effectiveness,unavailable,0.451709,unavailable,unavailable,unavailable,unavailable,No matching reference/context WTA-domain report was found.
swta,MultiSWTA5_Type1_NT50_NS5_NC2_NV5_NW2_O2,W_high_value_protection,unavailable,0.568354,unavailable,unavailable,unavailable,unavailable,No matching reference/context WTA-domain report was found.
swta,MultiSWTA5_Type1_NT50_NS5_NC2_NV5_NW2_O2,W_resource_conservative,unavailable,0.787684,unavailable,unavailable,unavailable,unavailable,No matching reference/context WTA-domain report was found.
swta,MultiSWTA5_Type1_NT50_NS5_NC2_NV5_NW2_O2,W_timeliness,unavailable,0.787684,unavailable,unavailable,unavailable,unavailable,No matching reference/context WTA-domain report was found.
swta,MultiSWTA5_Type1_NT50_NS5_NC2_NV5_NW2_O3,W_balanced,unavailable,0.673355,unavailable,unavailable,unavailable,unavailable,No matching reference/context WTA-domain report was found.
swta,MultiSWTA5_Type1_NT50_NS5_NC2_NV5_NW2_O3,W_effectiveness,unavailable,0.451709,unavailable,unavailable,unavailable,unavailable,No matching reference/context WTA-domain report was found.
swta,MultiSWTA5_Type1_NT50_NS5_NC2_NV5_NW2_O3,W_high_value_protection,unavailable,0.568354,unavailable,unavailable,unavailable,unavailable,No matching reference/context WTA-domain report was found.
swta,MultiSWTA5_Type1_NT50_NS5_NC2_NV5_NW2_O3,W_resource_conservative,unavailable,0.787684,unavailable,unavailable,unavailable,unavailable,No matching reference/context WTA-domain report was found.
swta,MultiSWTA5_Type1_NT50_NS5_NC2_NV5_NW2_O3,W_timeliness,unavailable,0.787684,unavailable,unavailable,unavailable,unavailable,No matching reference/context WTA-domain report was found.
swta,MultiSWTA5_Type1_NT50_NS5_NC2_NV5_NW2_O4,W_balanced,unavailable,0.673355,unavailable,unavailable,unavailable,unavailable,No matching reference/context WTA-domain report was found.
swta,MultiSWTA5_Type1_NT50_NS5_NC2_NV5_NW2_O4,W_effectiveness,unavailable,0.451709,unavailable,unavailable,unavailable,unavailable,No matching reference/context WTA-domain report was found.
swta,MultiSWTA5_Type1_NT50_NS5_NC2_NV5_NW2_O4,W_high_value_protection,unavailable,0.568354,unavailable,unavailable,unavailable,unavailable,No matching reference/context WTA-domain report was found.
swta,MultiSWTA5_Type1_NT50_NS5_NC2_NV5_NW2_O4,W_resource_conservative,unavailable,0.787684,unavailable,unavailable,unavailable,unavailable,No matching reference/context WTA-domain report was found.
swta,MultiSWTA5_Type1_NT50_NS5_NC2_NV5_NW2_O4,W_timeliness,unavailable,0.787684,unavailable,unavailable,unavailable,unavailable,No matching reference/context WTA-domain report was found.
swta,MultiSWTA5_Type1_NT50_NS8_NC6_NV8_NW6_O2,W_balanced,unavailable,0.676112,unavailable,unavailable,unavailable,unavailable,No matching reference/context WTA-domain report was found.
swta,MultiSWTA5_Type1_NT50_NS8_NC6_NV8_NW6_O2,W_effectiveness,unavailable,0.457223,unavailable,unavailable,unavailable,unavailable,No matching reference/context WTA-domain report was found.
swta,MultiSWTA5_Type1_NT50_NS8_NC6_NV8_NW6_O2,W_high_value_protection,unavailable,0.571112,unavailable,unavailable,unavailable,unavailable,No matching reference/context WTA-domain report was found.
swta,MultiSWTA5_Type1_NT50_NS8_NC6_NV8_NW6_O2,W_resource_conservative,unavailable,0.789889,unavailable,unavailable,unavailable,unavailable,No matching reference/context WTA-domain report was found.
swta,MultiSWTA5_Type1_NT50_NS8_NC6_NV8_NW6_O2,W_timeliness,unavailable,0.789889,unavailable,unavailable,unavailable,unavailable,No matching reference/context WTA-domain report was found.
swta,MultiSWTA5_Type1_NT50_NS8_NC6_NV8_NW6_O3,W_balanced,unavailable,0.676112,unavailable,unavailable,unavailable,unavailable,No matching reference/context WTA-domain report was found.
swta,MultiSWTA5_Type1_NT50_NS8_NC6_NV8_NW6_O3,W_effectiveness,unavailable,0.457223,unavailable,unavailable,unavailable,unavailable,No matching reference/context WTA-domain report was found.
swta,MultiSWTA5_Type1_NT50_NS8_NC6_NV8_NW6_O3,W_high_value_protection,unavailable,0.571112,unavailable,unavailable,unavailable,unavailable,No matching reference/context WTA-domain report was found.
swta,MultiSWTA5_Type1_NT50_NS8_NC6_NV8_NW6_O3,W_resource_conservative,unavailable,0.789889,unavailable,unavailable,unavailable,unavailable,No matching reference/context WTA-domain report was found.
swta,MultiSWTA5_Type1_NT50_NS8_NC6_NV8_NW6_O3,W_timeliness,unavailable,0.789889,unavailable,unavailable,unavailable,unavailable,No matching reference/context WTA-domain report was found.
swta,MultiSWTA5_Type1_NT50_NS8_NC6_NV8_NW6_O4,W_balanced,unavailable,0.676112,unavailable,unavailable,unavailable,unavailable,No matching reference/context WTA-domain report was found.
swta,MultiSWTA5_Type1_NT50_NS8_NC6_NV8_NW6_O4,W_effectiveness,unavailable,0.457223,unavailable,unavailable,unavailable,unavailable,No matching reference/context WTA-domain report was found.
swta,MultiSWTA5_Type1_NT50_NS8_NC6_NV8_NW6_O4,W_high_value_protection,unavailable,0.571112,unavailable,unavailable,unavailable,unavailable,No matching reference/context WTA-domain report was found.
swta,MultiSWTA5_Type1_NT50_NS8_NC6_NV8_NW6_O4,W_resource_conservative,unavailable,0.789889,unavailable,unavailable,unavailable,unavailable,No matching reference/context WTA-domain report was found.
swta,MultiSWTA5_Type1_NT50_NS8_NC6_NV8_NW6_O4,W_timeliness,unavailable,0.789889,unavailable,unavailable,unavailable,unavailable,No matching reference/context WTA-domain report was found.
madra,MADRA_OPEN_P1_single,W_balanced,unavailable,0.7925,unavailable,unavailable,unavailable,unavailable,No matching reference/context WTA-domain report was found.
madra,MADRA_OPEN_P1_single,W_effectiveness,unavailable,0.585,unavailable,unavailable,unavailable,unavailable,No matching reference/context WTA-domain report was found.
madra,MADRA_OPEN_P1_single,W_high_value_protection,unavailable,0.7925,unavailable,unavailable,unavailable,unavailable,No matching reference/context WTA-domain report was found.
madra,MADRA_OPEN_P1_single,W_resource_conservative,unavailable,0.834,unavailable,unavailable,unavailable,unavailable,No matching reference/context WTA-domain report was found.
madra,MADRA_OPEN_P1_single,W_timeliness,unavailable,0.834,unavailable,unavailable,unavailable,unavailable,No matching reference/context WTA-domain report was found.
madra,MADRA_OPEN_P1_multi3,W_balanced,unavailable,0.7925,unavailable,unavailable,unavailable,unavailable,No matching reference/context WTA-domain report was found.
madra,MADRA_OPEN_P1_multi3,W_effectiveness,unavailable,0.585,unavailable,unavailable,unavailable,unavailable,No matching reference/context WTA-domain report was found.
madra,MADRA_OPEN_P1_multi3,W_high_value_protection,unavailable,0.7925,unavailable,unavailable,unavailable,unavailable,No matching reference/context WTA-domain report was found.
madra,MADRA_OPEN_P1_multi3,W_resource_conservative,unavailable,0.834,unavailable,unavailable,unavailable,unavailable,No matching reference/context WTA-domain report was found.
madra,MADRA_OPEN_P1_multi3,W_timeliness,unavailable,0.834,unavailable,unavailable,unavailable,unavailable,No matching reference/context WTA-domain report was found.
madra,MADRA_OPEN_P2_single,W_balanced,unavailable,0.77625,unavailable,unavailable,unavailable,unavailable,No matching reference/context WTA-domain report was found.
madra,MADRA_OPEN_P2_single,W_effectiveness,unavailable,0.5525,unavailable,unavailable,unavailable,unavailable,No matching reference/context WTA-domain report was found.
madra,MADRA_OPEN_P2_single,W_high_value_protection,unavailable,0.77625,unavailable,unavailable,unavailable,unavailable,No matching reference/context WTA-domain report was found.
madra,MADRA_OPEN_P2_single,W_resource_conservative,unavailable,0.821,unavailable,unavailable,unavailable,unavailable,No matching reference/context WTA-domain report was found.
madra,MADRA_OPEN_P2_single,W_timeliness,unavailable,0.821,unavailable,unavailable,unavailable,unavailable,No matching reference/context WTA-domain report was found.
madra,MADRA_OPEN_P2_multi3,W_balanced,unavailable,0.77625,unavailable,unavailable,unavailable,unavailable,No matching reference/context WTA-domain report was found.
madra,MADRA_OPEN_P2_multi3,W_effectiveness,unavailable,0.5525,unavailable,unavailable,unavailable,unavailable,No matching reference/context WTA-domain report was found.
madra,MADRA_OPEN_P2_multi3,W_high_value_protection,unavailable,0.77625,unavailable,unavailable,unavailable,unavailable,No matching reference/context WTA-domain report was found.
madra,MADRA_OPEN_P2_multi3,W_resource_conservative,unavailable,0.821,unavailable,unavailable,unavailable,unavailable,No matching reference/context WTA-domain report was found.
madra,MADRA_OPEN_P2_multi3,W_timeliness,unavailable,0.821,unavailable,unavailable,unavailable,unavailable,No matching reference/context WTA-domain report was found.
madra,MADRA_OPEN_P3_single,W_balanced,unavailable,0.745,unavailable,unavailable,unavailable,unavailable,No matching reference/context WTA-domain report was found.
madra,MADRA_OPEN_P3_single,W_effectiveness,unavailable,0.52,unavailable,unavailable,unavailable,unavailable,No matching reference/context WTA-domain report was found.
madra,MADRA_OPEN_P3_single,W_high_value_protection,unavailable,0.715,unavailable,unavailable,unavailable,unavailable,No matching reference/context WTA-domain report was found.
madra,MADRA_OPEN_P3_single,W_resource_conservative,unavailable,0.81,unavailable,unavailable,unavailable,unavailable,No matching reference/context WTA-domain report was found.
madra,MADRA_OPEN_P3_single,W_timeliness,unavailable,0.81,unavailable,unavailable,unavailable,unavailable,No matching reference/context WTA-domain report was found.
madra,MADRA_OPEN_P3_multi3,W_balanced,unavailable,0.745,unavailable,unavailable,unavailable,unavailable,No matching reference/context WTA-domain report was found.
madra,MADRA_OPEN_P3_multi3,W_effectiveness,unavailable,0.52,unavailable,unavailable,unavailable,unavailable,No matching reference/context WTA-domain report was found.
madra,MADRA_OPEN_P3_multi3,W_high_value_protection,unavailable,0.715,unavailable,unavailable,unavailable,unavailable,No matching reference/context WTA-domain report was found.
madra,MADRA_OPEN_P3_multi3,W_resource_conservative,unavailable,0.81,unavailable,unavailable,unavailable,unavailable,No matching reference/context WTA-domain report was found.
madra,MADRA_OPEN_P3_multi3,W_timeliness,unavailable,0.81,unavailable,unavailable,unavailable,unavailable,No matching reference/context WTA-domain report was found.
madra,MADRA_OPEN_P4_single,W_balanced,unavailable,0.775,unavailable,unavailable,unavailable,unavailable,No matching reference/context WTA-domain report was found.
madra,MADRA_OPEN_P4_single,W_effectiveness,unavailable,0.55,unavailable,unavailable,unavailable,unavailable,No matching reference/context WTA-domain report was found.
madra,MADRA_OPEN_P4_single,W_high_value_protection,unavailable,0.775,unavailable,unavailable,unavailable,unavailable,No matching reference/context WTA-domain report was found.
madra,MADRA_OPEN_P4_single,W_resource_conservative,unavailable,0.82,unavailable,unavailable,unavailable,unavailable,No matching reference/context WTA-domain report was found.
madra,MADRA_OPEN_P4_single,W_timeliness,unavailable,0.82,unavailable,unavailable,unavailable,unavailable,No matching reference/context WTA-domain report was found.
madra,MADRA_OPEN_P4_multi3,W_balanced,unavailable,0.745,unavailable,unavailable,unavailable,unavailable,No matching reference/context WTA-domain report was found.
madra,MADRA_OPEN_P4_multi3,W_effectiveness,unavailable,0.52,unavailable,unavailable,unavailable,unavailable,No matching reference/context WTA-domain report was found.
madra,MADRA_OPEN_P4_multi3,W_high_value_protection,unavailable,0.715,unavailable,unavailable,unavailable,unavailable,No matching reference/context WTA-domain report was found.
madra,MADRA_OPEN_P4_multi3,W_resource_conservative,unavailable,0.81,unavailable,unavailable,unavailable,unavailable,No matching reference/context WTA-domain report was found.
madra,MADRA_OPEN_P4_multi3,W_timeliness,unavailable,0.81,unavailable,unavailable,unavailable,unavailable,No matching reference/context WTA-domain report was found.
madra,MADRA_OPEN_P5_single,W_balanced,unavailable,unavailable,unavailable,unavailable,unavailable,not_applicable,Candidate has no solution-grounded WTA-domain preference score.
madra,MADRA_OPEN_P5_single,W_effectiveness,unavailable,unavailable,unavailable,unavailable,unavailable,not_applicable,Candidate has no solution-grounded WTA-domain preference score.
madra,MADRA_OPEN_P5_single,W_high_value_protection,unavailable,unavailable,unavailable,unavailable,unavailable,not_applicable,Candidate has no solution-grounded WTA-domain preference score.
madra,MADRA_OPEN_P5_single,W_resource_conservative,unavailable,unavailable,unavailable,unavailable,unavailable,not_applicable,Candidate has no solution-grounded WTA-domain preference score.
madra,MADRA_OPEN_P5_single,W_timeliness,unavailable,unavailable,unavailable,unavailable,unavailable,not_applicable,Candidate has no solution-grounded WTA-domain preference score.
madra,MADRA_OPEN_P5_multi3,W_balanced,unavailable,0.736,unavailable,unavailable,unavailable,unavailable,No matching reference/context WTA-domain report was found.
madra,MADRA_OPEN_P5_multi3,W_effectiveness,unavailable,0.502,unavailable,unavailable,unavailable,unavailable,No matching reference/context WTA-domain report was found.
madra,MADRA_OPEN_P5_multi3,W_high_value_protection,unavailable,0.706,unavailable,unavailable,unavailable,unavailable,No matching reference/context WTA-domain report was found.
madra,MADRA_OPEN_P5_multi3,W_resource_conservative,unavailable,0.8028,unavailable,unavailable,unavailable,unavailable,No matching reference/context WTA-domain report was found.
madra,MADRA_OPEN_P5_multi3,W_timeliness,unavailable,0.8028,unavailable,unavailable,unavailable,unavailable,No matching reference/context WTA-domain report was found.
madra,MADRA_OPEN_P6_single,W_balanced,unavailable,unavailable,unavailable,unavailable,unavailable,not_applicable,Candidate has no solution-grounded WTA-domain preference score.
madra,MADRA_OPEN_P6_single,W_effectiveness,unavailable,unavailable,unavailable,unavailable,unavailable,not_applicable,Candidate has no solution-grounded WTA-domain preference score.
madra,MADRA_OPEN_P6_single,W_high_value_protection,unavailable,unavailable,unavailable,unavailable,unavailable,not_applicable,Candidate has no solution-grounded WTA-domain preference score.
madra,MADRA_OPEN_P6_single,W_resource_conservative,unavailable,unavailable,unavailable,unavailable,unavailable,not_applicable,Candidate has no solution-grounded WTA-domain preference score.
madra,MADRA_OPEN_P6_single,W_timeliness,unavailable,unavailable,unavailable,unavailable,unavailable,not_applicable,Candidate has no solution-grounded WTA-domain preference score.
madra,MADRA_OPEN_P6_multi3,W_balanced,unavailable,0.736,unavailable,unavailable,unavailable,unavailable,No matching reference/context WTA-domain report was found.
madra,MADRA_OPEN_P6_multi3,W_effectiveness,unavailable,0.502,unavailable,unavailable,unavailable,unavailable,No matching reference/context WTA-domain report was found.
madra,MADRA_OPEN_P6_multi3,W_high_value_protection,unavailable,0.706,unavailable,unavailable,unavailable,unavailable,No matching reference/context WTA-domain report was found.
madra,MADRA_OPEN_P6_multi3,W_resource_conservative,unavailable,0.8028,unavailable,unavailable,unavailable,unavailable,No matching reference/context WTA-domain report was found.
madra,MADRA_OPEN_P6_multi3,W_timeliness,unavailable,0.8028,unavailable,unavailable,unavailable,unavailable,No matching reference/context WTA-domain report was found.
madra,MADRA_OPEN_P7_single,W_balanced,unavailable,unavailable,unavailable,unavailable,unavailable,not_applicable,Candidate has no solution-grounded WTA-domain preference score.
madra,MADRA_OPEN_P7_single,W_effectiveness,unavailable,unavailable,unavailable,unavailable,unavailable,not_applicable,Candidate has no solution-grounded WTA-domain preference score.
madra,MADRA_OPEN_P7_single,W_high_value_protection,unavailable,unavailable,unavailable,unavailable,unavailable,not_applicable,Candidate has no solution-grounded WTA-domain preference score.
madra,MADRA_OPEN_P7_single,W_resource_conservative,unavailable,unavailable,unavailable,unavailable,unavailable,not_applicable,Candidate has no solution-grounded WTA-domain preference score.
madra,MADRA_OPEN_P7_single,W_timeliness,unavailable,unavailable,unavailable,unavailable,unavailable,not_applicable,Candidate has no solution-grounded WTA-domain preference score.
madra,MADRA_OPEN_P7_multi3,W_balanced,unavailable,0.68525,unavailable,unavailable,unavailable,unavailable,No matching reference/context WTA-domain report was found.
madra,MADRA_OPEN_P7_multi3,W_effectiveness,unavailable,0.4455,unavailable,unavailable,unavailable,unavailable,No matching reference/context WTA-domain report was found.
madra,MADRA_OPEN_P7_multi3,W_high_value_protection,unavailable,0.61025,unavailable,unavailable,unavailable,unavailable,No matching reference/context WTA-domain report was found.
madra,MADRA_OPEN_P7_multi3,W_resource_conservative,unavailable,0.7832,unavailable,unavailable,unavailable,unavailable,No matching reference/context WTA-domain report was found.
madra,MADRA_OPEN_P7_multi3,W_timeliness,unavailable,0.7832,unavailable,unavailable,unavailable,unavailable,No matching reference/context WTA-domain report was found.
madra,MADRA_OPEN_P8_single,W_balanced,unavailable,0.68525,unavailable,unavailable,unavailable,unavailable,No matching reference/context WTA-domain report was found.
madra,MADRA_OPEN_P8_single,W_effectiveness,unavailable,0.4455,unavailable,unavailable,unavailable,unavailable,No matching reference/context WTA-domain report was found.
madra,MADRA_OPEN_P8_single,W_high_value_protection,unavailable,0.61025,unavailable,unavailable,unavailable,unavailable,No matching reference/context WTA-domain report was found.
madra,MADRA_OPEN_P8_single,W_resource_conservative,unavailable,0.7832,unavailable,unavailable,unavailable,unavailable,No matching reference/context WTA-domain report was found.
madra,MADRA_OPEN_P8_single,W_timeliness,unavailable,0.7832,unavailable,unavailable,unavailable,unavailable,No matching reference/context WTA-domain report was found.
madra,MADRA_OPEN_P8_multi3,W_balanced,unavailable,0.68525,unavailable,unavailable,unavailable,unavailable,No matching reference/context WTA-domain report was found.
madra,MADRA_OPEN_P8_multi3,W_effectiveness,unavailable,0.4455,unavailable,unavailable,unavailable,unavailable,No matching reference/context WTA-domain report was found.
madra,MADRA_OPEN_P8_multi3,W_high_value_protection,unavailable,0.61025,unavailable,unavailable,unavailable,unavailable,No matching reference/context WTA-domain report was found.
madra,MADRA_OPEN_P8_multi3,W_resource_conservative,unavailable,0.7832,unavailable,unavailable,unavailable,unavailable,No matching reference/context WTA-domain report was found.
madra,MADRA_OPEN_P8_multi3,W_timeliness,unavailable,0.7832,unavailable,unavailable,unavailable,unavailable,No matching reference/context WTA-domain report was found.
madra,MADRA_OPEN_P9_single,W_balanced,unavailable,unavailable,unavailable,unavailable,unavailable,not_applicable,Candidate has no solution-grounded WTA-domain preference score.
madra,MADRA_OPEN_P9_single,W_effectiveness,unavailable,unavailable,unavailable,unavailable,unavailable,not_applicable,Candidate has no solution-grounded WTA-domain preference score.
madra,MADRA_OPEN_P9_single,W_high_value_protection,unavailable,unavailable,unavailable,unavailable,unavailable,not_applicable,Candidate has no solution-grounded WTA-domain preference score.
madra,MADRA_OPEN_P9_single,W_resource_conservative,unavailable,unavailable,unavailable,unavailable,unavailable,not_applicable,Candidate has no solution-grounded WTA-domain preference score.
madra,MADRA_OPEN_P9_single,W_timeliness,unavailable,unavailable,unavailable,unavailable,unavailable,not_applicable,Candidate has no solution-grounded WTA-domain preference score.
madra,MADRA_OPEN_P9_multi3,W_balanced,unavailable,0.66375,unavailable,unavailable,unavailable,unavailable,No matching reference/context WTA-domain report was found.
madra,MADRA_OPEN_P9_multi3,W_effectiveness,unavailable,0.42125,unavailable,unavailable,unavailable,unavailable,No matching reference/context WTA-domain report was found.
madra,MADRA_OPEN_P9_multi3,W_high_value_protection,unavailable,0.57,unavailable,unavailable,unavailable,unavailable,No matching reference/context WTA-domain report was found.
madra,MADRA_OPEN_P9_multi3,W_resource_conservative,unavailable,0.77475,unavailable,unavailable,unavailable,unavailable,No matching reference/context WTA-domain report was found.
madra,MADRA_OPEN_P9_multi3,W_timeliness,unavailable,0.77475,unavailable,unavailable,unavailable,unavailable,No matching reference/context WTA-domain report was found.
madra,MADRA_OPEN_P10_single,W_balanced,unavailable,0.634,unavailable,unavailable,unavailable,unavailable,No matching reference/context WTA-domain report was found.
madra,MADRA_OPEN_P10_single,W_effectiveness,unavailable,0.388,unavailable,unavailable,unavailable,unavailable,No matching reference/context WTA-domain report was found.
madra,MADRA_OPEN_P10_single,W_high_value_protection,unavailable,0.514,unavailable,unavailable,unavailable,unavailable,No matching reference/context WTA-domain report was found.
madra,MADRA_OPEN_P10_single,W_resource_conservative,unavailable,0.7632,unavailable,unavailable,unavailable,unavailable,No matching reference/context WTA-domain report was found.
madra,MADRA_OPEN_P10_single,W_timeliness,unavailable,0.7632,unavailable,unavailable,unavailable,unavailable,No matching reference/context WTA-domain report was found.
madra,MADRA_OPEN_P10_multi3,W_balanced,unavailable,0.634,unavailable,unavailable,unavailable,unavailable,No matching reference/context WTA-domain report was found.
madra,MADRA_OPEN_P10_multi3,W_effectiveness,unavailable,0.388,unavailable,unavailable,unavailable,unavailable,No matching reference/context WTA-domain report was found.
madra,MADRA_OPEN_P10_multi3,W_high_value_protection,unavailable,0.514,unavailable,unavailable,unavailable,unavailable,No matching reference/context WTA-domain report was found.
madra,MADRA_OPEN_P10_multi3,W_resource_conservative,unavailable,0.7632,unavailable,unavailable,unavailable,unavailable,No matching reference/context WTA-domain report was found.
madra,MADRA_OPEN_P10_multi3,W_timeliness,unavailable,0.7632,unavailable,unavailable,unavailable,unavailable,No matching reference/context WTA-domain report was found.
